{"credit":"Made by samus2002","texture_size":[256,256],"textures":{"1":"dragon:dragon_mount_texture/skywhisper_wyvern"},"elements":[{"from":[3.62114,7.57834,11.602],"to":[12.37886,14.20878,17.12737],"rotation":{"angle":22.5,"axis":"x","origin":[8,23.04073,8]},"faces":{"north":{"uv":[8.5,1.1875,9,1.5625],"texture":"#1"},"east":{"uv":[2.625,9.1875,2.9375,9.5625],"texture":"#1"},"south":{"uv":[6.5625,8.5,7.0625,8.875],"texture":"#1"},"west":{"uv":[3,9.1875,3.3125,9.5625],"texture":"#1"},"up":{"uv":[0.9375,9.0625,0.4375,8.75],"texture":"#1"},"down":{"uv":[9.25,5.875,8.75,6.1875],"texture":"#1"}}},{"from":[4.36225,10.27039,9.1653],"to":[4.36225,15.79576,19.11097],"rotation":{"angle":-22.5,"axis":"y","origin":[8,23.04073,8]},"faces":{"north":{"uv":[1.9375,7.9375,1.9375,8.25],"texture":"#1"},"east":{"uv":[9.125,5.1875,8.5625,5.5],"texture":"#1"},"south":{"uv":[2,7.9375,2,8.25],"texture":"#1"},"west":{"uv":[8.5625,5.1875,9.125,5.5],"texture":"#1"},"up":{"uv":[2.5,10.3125,2.5,9.75],"texture":"#1"},"down":{"uv":[2.5625,9.75,2.5625,10.3125],"texture":"#1"}}},{"from":[6.5724,12.48054,9.1653],"to":[6.5724,19.11099,19.11097],"rotation":{"angle":-22.5,"axis":"y","origin":[8,23.04073,8]},"faces":{"north":{"uv":[3.25,9.875,3.25,10.25],"texture":"#1"},"east":{"uv":[8.875,4.1875,8.3125,4.5625],"texture":"#1"},"south":{"uv":[3.3125,9.875,3.3125,10.25],"texture":"#1"},"west":{"uv":[8.3125,4.1875,8.875,4.5625],"texture":"#1"},"up":{"uv":[3.375,10.4375,3.375,9.875],"texture":"#1"},"down":{"uv":[3.4375,9.875,3.4375,10.4375],"texture":"#1"}}},{"from":[4.36225,4.74503,10.27037],"to":[4.36225,9.16532,19.11097],"rotation":{"angle":-22.5,"axis":"y","origin":[8,23.04073,8]},"faces":{"north":{"uv":[8.0625,9.125,8.0625,9.375],"texture":"#1"},"east":{"uv":[6.4375,9.125,5.9375,9.375],"texture":"#1"},"south":{"uv":[8.125,9.125,8.125,9.375],"texture":"#1"},"west":{"uv":[5.9375,9.125,6.4375,9.375],"texture":"#1"},"up":{"uv":[1.125,10.375,1.125,9.875],"texture":"#1"},"down":{"uv":[1.1875,9.875,1.1875,10.375],"texture":"#1"}}},{"from":[5.09143,6.40264,10.38087],"to":[5.09143,11.92801,19.22146],"rotation":{"angle":-45,"axis":"y","origin":[8,23.04073,8]},"faces":{"north":{"uv":[9.1875,1.875,9.1875,2.1875],"texture":"#1"},"east":{"uv":[9.4375,0.625,8.9375,0.9375],"texture":"#1"},"south":{"uv":[1.25,9.875,1.25,10.1875],"texture":"#1"},"west":{"uv":[8.9375,0.625,9.4375,0.9375],"texture":"#1"},"up":{"uv":[1.3125,10.375,1.3125,9.875],"texture":"#1"},"down":{"uv":[2.625,9.875,2.625,10.375],"texture":"#1"}}},{"from":[1.83146,4.96604,7.06565],"to":[1.83146,10.49141,15.90624],"rotation":{"angle":-45,"axis":"y","origin":[8,23.04073,8]},"faces":{"north":{"uv":[3.5,9.875,3.5,10.1875],"texture":"#1"},"east":{"uv":[9.4375,4.125,8.9375,4.4375],"texture":"#1"},"south":{"uv":[3.5625,9.875,3.5625,10.1875],"texture":"#1"},"west":{"uv":[8.9375,4.125,9.4375,4.4375],"texture":"#1"},"up":{"uv":[3.625,10.375,3.625,9.875],"texture":"#1"},"down":{"uv":[3.6875,9.875,3.6875,10.375],"texture":"#1"}}},{"from":[11.63775,4.74503,10.27037],"to":[11.63775,9.16532,19.11097],"rotation":{"angle":22.5,"axis":"y","origin":[8,23.04073,8]},"faces":{"north":{"uv":[8.0625,9.125,8.0625,9.375],"texture":"#1"},"east":{"uv":[6.4375,9.125,5.9375,9.375],"texture":"#1"},"south":{"uv":[8.125,9.125,8.125,9.375],"texture":"#1"},"west":{"uv":[5.9375,9.125,6.4375,9.375],"texture":"#1"},"up":{"uv":[1.125,10.375,1.125,9.875],"texture":"#1"},"down":{"uv":[1.1875,9.875,1.1875,10.375],"texture":"#1"}}},{"from":[9.4276,12.48054,9.1653],"to":[9.4276,19.11099,19.11097],"rotation":{"angle":22.5,"axis":"y","origin":[8,23.04073,8]},"faces":{"north":{"uv":[3.25,9.875,3.25,10.25],"texture":"#1"},"east":{"uv":[8.875,4.1875,8.3125,4.5625],"texture":"#1"},"south":{"uv":[3.3125,9.875,3.3125,10.25],"texture":"#1"},"west":{"uv":[8.3125,4.1875,8.875,4.5625],"texture":"#1"},"up":{"uv":[3.375,10.4375,3.375,9.875],"texture":"#1"},"down":{"uv":[3.4375,9.875,3.4375,10.4375],"texture":"#1"}}},{"from":[11.63775,10.27039,9.1653],"to":[11.63775,15.79576,19.11097],"rotation":{"angle":22.5,"axis":"y","origin":[8,23.04073,8]},"faces":{"north":{"uv":[1.9375,7.9375,1.9375,8.25],"texture":"#1"},"east":{"uv":[9.125,5.1875,8.5625,5.5],"texture":"#1"},"south":{"uv":[2,7.9375,2,8.25],"texture":"#1"},"west":{"uv":[8.5625,5.1875,9.125,5.5],"texture":"#1"},"up":{"uv":[2.5,10.3125,2.5,9.75],"texture":"#1"},"down":{"uv":[2.5625,9.75,2.5625,10.3125],"texture":"#1"}}},{"from":[10.90857,6.40264,10.38087],"to":[10.90857,11.92801,19.22146],"rotation":{"angle":45,"axis":"y","origin":[8,23.04073,8]},"faces":{"north":{"uv":[9.1875,1.875,9.1875,2.1875],"texture":"#1"},"east":{"uv":[9.4375,0.625,8.9375,0.9375],"texture":"#1"},"south":{"uv":[1.25,9.875,1.25,10.1875],"texture":"#1"},"west":{"uv":[8.9375,0.625,9.4375,0.9375],"texture":"#1"},"up":{"uv":[1.3125,10.375,1.3125,9.875],"texture":"#1"},"down":{"uv":[2.625,9.875,2.625,10.375],"texture":"#1"}}},{"from":[14.16854,4.96604,7.06565],"to":[14.16854,10.49141,15.90624],"rotation":{"angle":45,"axis":"y","origin":[8,23.04073,8]},"faces":{"north":{"uv":[3.5,9.875,3.5,10.1875],"texture":"#1"},"east":{"uv":[9.4375,4.125,8.9375,4.4375],"texture":"#1"},"south":{"uv":[3.5625,9.875,3.5625,10.1875],"texture":"#1"},"west":{"uv":[8.9375,4.125,9.4375,4.4375],"texture":"#1"},"up":{"uv":[3.625,10.375,3.625,9.875],"texture":"#1"},"down":{"uv":[3.6875,9.875,3.6875,10.375],"texture":"#1"}}},{"from":[4.13224,10.28604,-3.43365],"to":[11.86776,14.70634,4.30186],"rotation":{"angle":-22.5,"axis":"x","origin":[8,23.04073,8]},"faces":{"north":{"uv":[6.5,2.25,6.9375,2.5],"texture":"#1"},"east":{"uv":[9.1875,5.5,9.625,5.75],"texture":"#1"},"south":{"uv":[9.25,2.375,9.6875,2.625],"texture":"#1"},"west":{"uv":[0.75,9.3125,1.1875,9.5625],"texture":"#1"},"up":{"uv":[2.375,8.8125,1.9375,8.375],"texture":"#1"},"down":{"uv":[6,8.375,5.5625,8.8125],"texture":"#1"}}},{"from":[4.13224,5.86575,-3.43365],"to":[4.13224,10.28604,4.30186],"rotation":{"angle":-22.5,"axis":"x","origin":[8,23.04073,8]},"faces":{"north":{"uv":[5.4375,9.875,5.4375,10.125],"texture":"#1"},"east":{"uv":[9.75,6.4375,9.3125,6.6875],"texture":"#1"},"south":{"uv":[5.5,9.875,5.5,10.125],"texture":"#1"},"west":{"uv":[9.3125,6.4375,9.75,6.6875],"texture":"#1"},"up":{"uv":[7.4375,10.3125,7.4375,9.875],"texture":"#1"},"down":{"uv":[7.5,9.875,7.5,10.3125],"texture":"#1"}}},{"from":[11.86776,5.86575,-3.43365],"to":[11.86776,10.28604,4.30186],"rotation":{"angle":-22.5,"axis":"x","origin":[8,23.04073,8]},"faces":{"north":{"uv":[5.4375,9.875,5.4375,10.125],"texture":"#1"},"east":{"uv":[9.75,6.4375,9.3125,6.6875],"texture":"#1"},"south":{"uv":[5.5,9.875,5.5,10.125],"texture":"#1"},"west":{"uv":[9.3125,6.4375,9.75,6.6875],"texture":"#1"},"up":{"uv":[7.4375,10.3125,7.4375,9.875],"texture":"#1"},"down":{"uv":[7.5,9.875,7.5,10.3125],"texture":"#1"}}},{"from":[5.23732,8.07589,-3.43365],"to":[10.76268,10.28604,4.30186],"rotation":{"angle":-22.5,"axis":"x","origin":[8,23.04073,8]},"faces":{"north":{"uv":[7.5625,7.375,7.875,7.5],"texture":"#1"},"east":{"uv":[9.5,7.8125,9.9375,7.9375],"texture":"#1"},"south":{"uv":[0.3125,9.6875,0.625,9.8125],"texture":"#1"},"west":{"uv":[9.5,8,9.9375,8.125],"texture":"#1"},"up":{"uv":[8.875,9.375,8.5625,8.9375],"texture":"#1"},"down":{"uv":[9.25,8.625,8.9375,9.0625],"texture":"#1"}}},{"from":[8,13.60126,-0.11843],"to":[8,21.33678,9.82723],"rotation":{"angle":-22.5,"axis":"x","origin":[8,23.04073,8]},"faces":{"north":{"uv":[3.75,9.875,3.75,10.3125],"texture":"#1"},"east":{"uv":[4.4375,7.875,5,8.3125],"texture":"#1"},"south":{"uv":[3.8125,9.875,3.8125,10.3125],"texture":"#1"},"west":{"uv":[7.9375,7.375,8.5,7.8125],"texture":"#1"},"up":{"uv":[5.0625,10.4375,5.0625,9.875],"texture":"#1"},"down":{"uv":[5.125,9.875,5.125,10.4375],"texture":"#1"}}},{"from":[5.78985,7.0497,-5.12458],"to":[10.21015,10.36493,2.61094],"rotation":{"angle":0,"axis":"y","origin":[8,23.04073,8]},"faces":{"north":{"uv":[9.5,8.1875,9.75,8.375],"texture":"#1"},"east":{"uv":[8.75,6.625,9.1875,6.8125],"texture":"#1"},"south":{"uv":[9.5625,1.875,9.8125,2.0625],"texture":"#1"},"west":{"uv":[9.375,1.3125,9.8125,1.5],"texture":"#1"},"up":{"uv":[0.25,9.6875,0,9.25],"texture":"#1"},"down":{"uv":[9.5,1.875,9.25,2.3125],"texture":"#1"}}},{"from":[5.78985,3.73448,-5.12458],"to":[10.21015,7.0497,-5.12458],"rotation":{"angle":0,"axis":"y","origin":[8,23.04073,8]},"faces":{"north":{"uv":[5.25,9.625,5.5,9.8125],"texture":"#1"},"east":{"uv":[7.5625,9.875,7.5625,10.0625],"texture":"#1"},"south":{"uv":[5.5,9.625,5.25,9.8125],"texture":"#1"},"west":{"uv":[7.625,9.875,7.625,10.0625],"texture":"#1"},"up":{"uv":[8.8125,5.5625,8.5625,5.5625],"texture":"#1"},"down":{"uv":[9.125,5.5625,8.875,5.5625],"texture":"#1"}}},{"from":[6.06612,4.83956,-4.29577],"to":[6.06612,7.0497,2.33467],"rotation":{"angle":0,"axis":"y","origin":[8,23.04073,8]},"faces":{"north":{"uv":[2.375,8.875,2.375,9],"texture":"#1"},"east":{"uv":[10,0,9.625,0.125],"texture":"#1"},"south":{"uv":[5.9375,8.875,5.9375,9],"texture":"#1"},"west":{"uv":[9.625,0,10,0.125],"texture":"#1"},"up":{"uv":[1,10.25,1,9.875],"texture":"#1"},"down":{"uv":[1.0625,9.875,1.0625,10.25],"texture":"#1"}}},{"from":[9.93388,4.83956,-4.29577],"to":[9.93388,7.0497,2.33467],"rotation":{"angle":0,"axis":"y","origin":[8,23.04073,8]},"faces":{"north":{"uv":[2.375,8.875,2.375,9],"texture":"#1"},"east":{"uv":[10,0,9.625,0.125],"texture":"#1"},"south":{"uv":[5.9375,8.875,5.9375,9],"texture":"#1"},"west":{"uv":[9.625,0,10,0.125],"texture":"#1"},"up":{"uv":[1,10.25,1,9.875],"texture":"#1"},"down":{"uv":[1.0625,9.875,1.0625,10.25],"texture":"#1"}}},{"from":[5.78985,4.83956,-4.57204],"to":[10.21015,7.0497,3.16348],"rotation":{"angle":0,"axis":"y","origin":[8,23.04073,8]},"faces":{"north":{"uv":[1.375,9.75,1.625,9.875],"texture":"#1"},"east":{"uv":[9.5,4,9.9375,4.125],"texture":"#1"},"south":{"uv":[2.1875,9.75,2.4375,9.875],"texture":"#1"},"west":{"uv":[9.5,4.1875,9.9375,4.3125],"texture":"#1"},"up":{"uv":[9.5,9.5625,9.25,9.125],"texture":"#1"},"down":{"uv":[9.5625,0,9.3125,0.4375],"texture":"#1"}}},{"from":[5.78985,7.0497,-4.29577],"to":[10.21015,9.25985,-4.29577],"rotation":{"angle":0,"axis":"y","origin":[8,23.04073,8]},"faces":{"north":{"uv":[9.75,2.375,10,2.5],"texture":"#1"},"east":{"uv":[4.3125,7.6875,4.3125,7.8125],"texture":"#1"},"south":{"uv":[3.875,9.75,4.125,9.875],"texture":"#1"},"west":{"uv":[6.125,8.375,6.125,8.5],"texture":"#1"},"up":{"uv":[6.75,2.5625,6.5,2.5625],"texture":"#1"},"down":{"uv":[2.3125,7.125,2.0625,7.125],"texture":"#1"}}},{"from":[6.06612,7.0497,-4.29577],"to":[6.06612,9.25985,2.33467],"rotation":{"angle":0,"axis":"y","origin":[8,23.04073,8]},"faces":{"north":{"uv":[4.375,8.75,4.375,8.875],"texture":"#1"},"east":{"uv":[9.9375,5.3125,9.5625,5.4375],"texture":"#1"},"south":{"uv":[2.3125,8.875,2.3125,9],"texture":"#1"},"west":{"uv":[9.5625,5.3125,9.9375,5.4375],"texture":"#1"},"up":{"uv":[0.3125,9.625,0.3125,9.25],"texture":"#1"},"down":{"uv":[0.375,9.25,0.375,9.625],"texture":"#1"}}},{"from":[9.93388,7.0497,-4.29577],"to":[9.93388,9.25985,2.33467],"rotation":{"angle":0,"axis":"y","origin":[8,23.04073,8]},"faces":{"north":{"uv":[4.375,8.75,4.375,8.875],"texture":"#1"},"east":{"uv":[9.9375,5.3125,9.5625,5.4375],"texture":"#1"},"south":{"uv":[2.3125,8.875,2.3125,9],"texture":"#1"},"west":{"uv":[9.5625,5.3125,9.9375,5.4375],"texture":"#1"},"up":{"uv":[0.3125,9.625,0.3125,9.25],"texture":"#1"},"down":{"uv":[0.375,9.25,0.375,9.625],"texture":"#1"}}}],"gui_light":"front","display":{"gui":{"rotation":[0,90,0],"translation":[1.75,-2.75,0],"scale":[0.7,0.7,0.7]}}}