{"credit":"Made with Blockbench","texture_size":[64,64],"textures":{"0":"customhatsv2:hats/construction_hat_texture","particle":"customhatsv2:hats/construction_hat_texture"},"elements":[{"from":[2,5,-2.9],"to":[5,8,22.1],"rotation":{"angle":22.5,"axis":"x","origin":[3.5,6.5,8.1]},"faces":{"north":{"uv":[9,0,9.75,0.75],"texture":"#0"},"east":{"uv":[0,3.75,6.25,4.5],"texture":"#0"},"south":{"uv":[8,9,8.75,9.75],"texture":"#0"},"west":{"uv":[0,4.75,6.25,5.5],"texture":"#0"},"up":{"uv":[0.75,12,0,5.75],"texture":"#0"},"down":{"uv":[1.75,5.75,1,12],"texture":"#0"}}},{"from":[2.5,5.5,-5.9],"to":[4.5,7.5,-2.9],"rotation":{"angle":22.5,"axis":"x","origin":[3.5,6.5,8.1]},"faces":{"north":{"uv":[10,0,10.5,0.5],"texture":"#0"},"east":{"uv":[9.5,4.75,10.25,5.25],"texture":"#0"},"south":{"uv":[10,2.25,10.5,2.75],"texture":"#0"},"west":{"uv":[9.5,5.5,10.25,6],"texture":"#0"},"up":{"uv":[8.5,3.5,8,2.75],"texture":"#0"},"down":{"uv":[3.25,9.5,2.75,10.25],"texture":"#0"}}},{"from":[2.5,6.5,-8.9],"to":[4.5,6.5,-5.9],"rotation":{"angle":22.5,"axis":"x","origin":[3.5,6.5,8.1]},"faces":{"north":{"uv":[10.5,5.25,11,5.25],"texture":"#0"},"east":{"uv":[10.5,5.5,11.25,5.5],"texture":"#0"},"south":{"uv":[10.5,5.75,11,5.75],"texture":"#0"},"west":{"uv":[10.5,6,11.25,6],"texture":"#0"},"up":{"uv":[10,7,9.5,6.25],"texture":"#0"},"down":{"uv":[5.5,9.75,5,10.5],"texture":"#0"}}},{"from":[3.5,5.5,-8.9],"to":[3.5,7.5,-5.9],"rotation":{"angle":22.5,"axis":"x","origin":[3.5,6.5,8.1]},"faces":{"north":{"uv":[6.5,5,6.5,5.5],"texture":"#0"},"east":{"uv":[9.75,9,10.5,9.5],"texture":"#0"},"south":{"uv":[7.75,1.5,7.75,2],"texture":"#0"},"west":{"uv":[9.75,9.75,10.5,10.25],"texture":"#0"},"up":{"uv":[3.25,11.25,3.25,10.5],"texture":"#0"},"down":{"uv":[6.75,10.5,6.75,11.25],"texture":"#0"}}},{"from":[1.75,4.75,13.1],"to":[1.75,8.25,18.1],"rotation":{"angle":22.5,"axis":"x","origin":[3.5,6.5,8.1]},"faces":{"north":{"uv":[6.5,7,6.5,8],"texture":"#0"},"east":{"uv":[5,7,6.25,8],"texture":"#0"},"south":{"uv":[4,8.25,4,9.25],"texture":"#0"},"west":{"uv":[7.5,6.25,8.75,7.25],"texture":"#0"},"up":{"uv":[8.75,11.25,8.75,10],"texture":"#0"},"down":{"uv":[9,10.25,9,11.5],"texture":"#0"}}},{"from":[1.75,8.25,13.1],"to":[5.25,8.25,18.1],"rotation":{"angle":22.5,"axis":"x","origin":[3.5,6.5,8.1]},"faces":{"north":{"uv":[9.5,7.25,10.5,7.25],"texture":"#0"},"east":{"uv":[10.5,3,11.75,3],"texture":"#0"},"south":{"uv":[10.5,3.25,11.5,3.25],"texture":"#0"},"west":{"uv":[10.5,3.5,11.75,3.5],"texture":"#0"},"up":{"uv":[8.5,8.75,7.5,7.5],"texture":"#0"},"down":{"uv":[8.75,0,7.75,1.25],"texture":"#0"}}},{"from":[1.75,4.75,13.1],"to":[5.25,4.75,18.1],"rotation":{"angle":22.5,"axis":"x","origin":[3.5,6.5,8.1]},"faces":{"north":{"uv":[10.5,3.75,11.5,3.75],"texture":"#0"},"east":{"uv":[10.5,4,11.75,4],"texture":"#0"},"south":{"uv":[10.5,4.75,11.5,4.75],"texture":"#0"},"west":{"uv":[10.5,5,11.75,5],"texture":"#0"},"up":{"uv":[6,9.5,5,8.25],"texture":"#0"},"down":{"uv":[9.75,2.75,8.75,4],"texture":"#0"}}},{"from":[5.25,4.75,13.1],"to":[5.25,8.25,18.1],"rotation":{"angle":22.5,"axis":"x","origin":[3.5,6.5,8.1]},"faces":{"north":{"uv":[9.25,10.25,9.25,11.25],"texture":"#0"},"east":{"uv":[8,1.5,9.25,2.5],"texture":"#0"},"south":{"uv":[9.5,10.25,9.5,11.25],"texture":"#0"},"west":{"uv":[2,8.25,3.25,9.25],"texture":"#0"},"up":{"uv":[2.75,11.75,2.75,10.5],"texture":"#0"},"down":{"uv":[3,10.5,3,11.75],"texture":"#0"}}},{"from":[3,5,-1],"to":[13,5,13],"rotation":{"angle":0,"axis":"y","origin":[12,4,12]},"faces":{"north":{"uv":[9.75,10.5,12.25,10.5],"texture":"#0"},"east":{"uv":[10.75,0,14.25,0],"texture":"#0"},"south":{"uv":[10.75,0.25,13.25,0.25],"texture":"#0"},"west":{"uv":[10.75,0.5,14.25,0.5],"texture":"#0"},"up":{"uv":[2.5,3.5,0,0],"texture":"#0"},"down":{"uv":[5.25,0,2.75,3.5],"texture":"#0"}}},{"from":[4,5,3],"to":[12,9,12],"rotation":{"angle":0,"axis":"y","origin":[12,5,12]},"faces":{"north":{"uv":[6.5,3.75,8.5,4.75],"texture":"#0"},"east":{"uv":[5.5,2.5,7.75,3.5],"texture":"#0"},"south":{"uv":[6.75,5,8.75,6],"texture":"#0"},"west":{"uv":[4.25,5.75,6.5,6.75],"texture":"#0"},"up":{"uv":[7.5,2.25,5.5,0],"texture":"#0"},"down":{"uv":[4,5.75,2,8],"texture":"#0"}}},{"from":[7,9,2],"to":[9,10,13],"rotation":{"angle":0,"axis":"y","origin":[12,9,12]},"faces":{"north":{"uv":[8,10,8.5,10.25],"texture":"#0"},"east":{"uv":[8.75,4.25,11.5,4.5],"texture":"#0"},"south":{"uv":[10.25,0.75,10.75,1],"texture":"#0"},"west":{"uv":[8.75,7.5,11.5,7.75],"texture":"#0"},"up":{"uv":[7.25,9,6.75,6.25],"texture":"#0"},"down":{"uv":[4.75,7,4.25,9.75],"texture":"#0"}}},{"from":[7,5,12],"to":[9,9,13],"rotation":{"angle":0,"axis":"y","origin":[12,8,11]},"faces":{"north":{"uv":[9,9,9.5,10],"texture":"#0"},"east":{"uv":[5.75,9.75,6,10.75],"texture":"#0"},"south":{"uv":[6.75,9.25,7.25,10.25],"texture":"#0"},"west":{"uv":[10,3,10.25,4],"texture":"#0"},"up":{"uv":[10.75,1.5,10.25,1.25],"texture":"#0"},"down":{"uv":[10.75,1.75,10.25,2],"texture":"#0"}}},{"from":[13,5,3],"to":[14,5,13],"rotation":{"angle":-45,"axis":"z","origin":[13,5,7]},"faces":{"north":{"uv":[9.5,2.25,9.75,2.25],"texture":"#0"},"east":{"uv":[10.75,2.75,13.25,2.75],"texture":"#0"},"south":{"uv":[9.5,2.5,9.75,2.5],"texture":"#0"},"west":{"uv":[10.75,7.25,13.25,7.25],"texture":"#0"},"up":{"uv":[3.75,10.75,3.5,8.25],"texture":"#0"},"down":{"uv":[6.5,8.25,6.25,10.75],"texture":"#0"}}},{"from":[3,5,13],"to":[13,5,14],"rotation":{"angle":45,"axis":"x","origin":[8,5,13]},"faces":{"north":{"uv":[10.75,2.25,13.25,2.25],"texture":"#0"},"east":{"uv":[9,1,9.25,1],"texture":"#0"},"south":{"uv":[10.75,2.5,13.25,2.5],"texture":"#0"},"west":{"uv":[9,1.25,9.25,1.25],"texture":"#0"},"up":{"uv":[11.25,8.25,8.75,8],"texture":"#0"},"down":{"uv":[11.25,8.5,8.75,8.75],"texture":"#0"}}},{"from":[2,5,3],"to":[3,5,13],"rotation":{"angle":45,"axis":"z","origin":[3,5,7]},"faces":{"north":{"uv":[7,10.5,7.25,10.5],"texture":"#0"},"east":{"uv":[10.75,9,13.25,9],"texture":"#0"},"south":{"uv":[8,10.5,8.25,10.5],"texture":"#0"},"west":{"uv":[10.75,9.25,13.25,9.25],"texture":"#0"},"up":{"uv":[9.25,7.25,9,4.75],"texture":"#0"},"down":{"uv":[7.75,9,7.5,11.5],"texture":"#0"}}},{"from":[7,5,2],"to":[9,9,3],"rotation":{"angle":0,"axis":"y","origin":[12,8,4]},"faces":{"north":{"uv":[9.5,1,10,2],"texture":"#0"},"east":{"uv":[4,10,4.25,11],"texture":"#0"},"south":{"uv":[2,9.5,2.5,10.5],"texture":"#0"},"west":{"uv":[4.5,10,4.75,11],"texture":"#0"},"up":{"uv":[10.75,6.5,10.25,6.25],"texture":"#0"},"down":{"uv":[10.75,6.75,10.25,7],"texture":"#0"}}}],"gui_light":"front","display":{"thirdperson_righthand":{"rotation":[32,0,0],"translation":[0,0,-1.5],"scale":[0.9,0.9,0.9]},"thirdperson_lefthand":{"rotation":[32,0,0],"translation":[0,0,-1.5],"scale":[0.9,0.9,0.9]},"firstperson_righthand":{"rotation":[16.75,0,0],"translation":[8.5,0,-7.25]},"firstperson_lefthand":{"rotation":[16.75,0,0],"translation":[8.5,0,-7.25]},"ground":{"translation":[0,3,0],"scale":[0.9,0.9,0.9]},"gui":{"rotation":[22.5,145,0],"translation":[-1.5,1.25,0],"scale":[0.8,0.8,0.8]},"head":{"translation":[0,7,0.5],"scale":[1.81,1.81,1.81]},"fixed":{"rotation":[-90,0,0],"translation":[0,0,-9.5],"scale":[2,2,2]}}}