{"credit":"Made with Blockbench","texture_size":[128,128],"textures":{"0":"customhatsv2:hats/cowboy_hat_texture","particle":"customhatsv2:hats/cowboy_hat_texture"},"elements":[{"from":[1.5,12,7.5],"to":[4.5,16,10.5],"rotation":{"angle":-45,"axis":"z","origin":[3.5,14,9]},"faces":{"north":{"uv":[1.375,3.5,1.75,4],"texture":"#0"},"east":{"uv":[1.875,3.5,2.25,4],"texture":"#0"},"south":{"uv":[2,4.75,2.375,5.25],"texture":"#0"},"west":{"uv":[2.5,5.125,2.875,5.625],"texture":"#0"},"up":{"uv":[4.875,5.625,4.5,5.25],"texture":"#0"},"down":{"uv":[5.625,4.875,5.25,5.25],"texture":"#0"}}},{"from":[1.5,14,6.5],"to":[1.5,15,7.5],"rotation":{"angle":-45,"axis":"z","origin":[3.5,14,9]},"faces":{"north":{"uv":[2.375,3.5,2.375,3.625],"texture":"#0"},"east":{"uv":[3,1.875,3.125,2],"texture":"#0"},"south":{"uv":[2.375,3.75,2.375,3.875],"texture":"#0"},"west":{"uv":[3.25,1.875,3.375,2],"texture":"#0"},"up":{"uv":[4.5,1.875,4.5,1.75],"texture":"#0"},"down":{"uv":[4.125,4.625,4.125,4.75],"texture":"#0"}}},{"from":[2.5,14,10.5],"to":[2.5,15,11.5],"rotation":{"angle":-45,"axis":"z","origin":[3.5,14,13]},"faces":{"north":{"uv":[2.375,5.375,2.375,5.5],"texture":"#0"},"east":{"uv":[3.5,1.875,3.625,2],"texture":"#0"},"south":{"uv":[5.875,1.5,5.875,1.625],"texture":"#0"},"west":{"uv":[3.75,1.875,3.875,2],"texture":"#0"},"up":{"uv":[5.375,6.25,5.375,6.125],"texture":"#0"},"down":{"uv":[5.5,6.125,5.5,6.25],"texture":"#0"}}},{"from":[0.5,13,8.5],"to":[1.5,14,8.5],"rotation":{"angle":-45,"axis":"z","origin":[3.5,14,10]},"faces":{"north":{"uv":[4,1.875,4.125,2],"texture":"#0"},"east":{"uv":[5.625,6.125,5.625,6.25],"texture":"#0"},"south":{"uv":[4.25,1.875,4.375,2],"texture":"#0"},"west":{"uv":[5.75,6.125,5.75,6.25],"texture":"#0"},"up":{"uv":[4.75,3.25,4.625,3.25],"texture":"#0"},"down":{"uv":[5,3.25,4.875,3.25],"texture":"#0"}}},{"from":[0.5,15,9.5],"to":[1.5,16,9.5],"rotation":{"angle":-45,"axis":"z","origin":[3.5,14,11]},"faces":{"north":{"uv":[3.875,4.625,4,4.75],"texture":"#0"},"east":{"uv":[5.875,6.125,5.875,6.25],"texture":"#0"},"south":{"uv":[5.75,5.125,5.875,5.25],"texture":"#0"},"west":{"uv":[6,6.125,6,6.25],"texture":"#0"},"up":{"uv":[5.25,1.125,5.125,1.125],"texture":"#0"},"down":{"uv":[5.25,3.25,5.125,3.25],"texture":"#0"}}},{"from":[4.5,15,8.5],"to":[5.5,16,8.5],"rotation":{"angle":-45,"axis":"z","origin":[3.5,14,10]},"faces":{"north":{"uv":[3.5,5.875,3.625,6],"texture":"#0"},"east":{"uv":[6.125,6.125,6.125,6.25],"texture":"#0"},"south":{"uv":[6,2.25,6.125,2.375],"texture":"#0"},"west":{"uv":[6.25,2.25,6.25,2.375],"texture":"#0"},"up":{"uv":[5.125,5.25,5,5.25],"texture":"#0"},"down":{"uv":[5.5,1.125,5.375,1.125],"texture":"#0"}}},{"from":[11.5,12.5,5.5],"to":[13.5,15.5,7.5],"rotation":{"angle":45,"axis":"z","origin":[12.5,14,7]},"faces":{"north":{"uv":[5.75,3.25,6,3.625],"texture":"#0"},"east":{"uv":[5.75,3.75,6,4.125],"texture":"#0"},"south":{"uv":[5.75,4.25,6,4.625],"texture":"#0"},"west":{"uv":[4.5,5.75,4.75,6.125],"texture":"#0"},"up":{"uv":[3,6.125,2.75,5.875],"texture":"#0"},"down":{"uv":[3.375,5.875,3.125,6.125],"texture":"#0"}}},{"from":[13.5,14.5,4.5],"to":[13.5,15.5,5.5],"rotation":{"angle":45,"axis":"z","origin":[12.5,14,7]},"faces":{"north":{"uv":[6.25,2.5,6.25,2.625],"texture":"#0"},"east":{"uv":[6,2.5,6.125,2.625],"texture":"#0"},"south":{"uv":[2.75,6.25,2.75,6.375],"texture":"#0"},"west":{"uv":[6,2.75,6.125,2.875],"texture":"#0"},"up":{"uv":[6.25,2.875,6.25,2.75],"texture":"#0"},"down":{"uv":[2.875,6.25,2.875,6.375],"texture":"#0"}}},{"from":[13.5,13.5,6.5],"to":[14.5,14.5,6.5],"rotation":{"angle":45,"axis":"z","origin":[12.5,14,6]},"faces":{"north":{"uv":[6,3,6.125,3.125],"texture":"#0"},"east":{"uv":[3,6.25,3,6.375],"texture":"#0"},"south":{"uv":[3.75,6,3.875,6.125],"texture":"#0"},"west":{"uv":[6.25,3,6.25,3.125],"texture":"#0"},"up":{"uv":[5.5,3.25,5.375,3.25],"texture":"#0"},"down":{"uv":[5.75,1.125,5.625,1.125],"texture":"#0"}}},{"from":[8.5,13,10],"to":[10.5,15,14],"rotation":{"angle":45,"axis":"x","origin":[9.5,14,12]},"faces":{"north":{"uv":[5.875,5.75,6.125,6],"texture":"#0"},"east":{"uv":[5,5.375,5.5,5.625],"texture":"#0"},"south":{"uv":[6,1.5,6.25,1.75],"texture":"#0"},"west":{"uv":[5.625,5.375,6.125,5.625],"texture":"#0"},"up":{"uv":[2.25,5.875,2,5.375],"texture":"#0"},"down":{"uv":[2.625,5.75,2.375,6.25],"texture":"#0"}}},{"from":[9.5,15,10],"to":[9.5,16,11],"rotation":{"angle":45,"axis":"x","origin":[10.5,14,12]},"faces":{"north":{"uv":[3.125,6.25,3.125,6.375],"texture":"#0"},"east":{"uv":[4,6,4.125,6.125],"texture":"#0"},"south":{"uv":[3.25,6.25,3.25,6.375],"texture":"#0"},"west":{"uv":[4.25,6,4.375,6.125],"texture":"#0"},"up":{"uv":[3.375,6.375,3.375,6.25],"texture":"#0"},"down":{"uv":[3.75,6.25,3.75,6.375],"texture":"#0"}}},{"from":[8.5,15,13],"to":[8.5,16,14],"rotation":{"angle":45,"axis":"x","origin":[9.5,14,12]},"faces":{"north":{"uv":[3.875,6.25,3.875,6.375],"texture":"#0"},"east":{"uv":[6,5.125,6.125,5.25],"texture":"#0"},"south":{"uv":[4,6.25,4,6.375],"texture":"#0"},"west":{"uv":[0,6.125,0.125,6.25],"texture":"#0"},"up":{"uv":[4.125,6.375,4.125,6.25],"texture":"#0"},"down":{"uv":[4.25,6.25,4.25,6.375],"texture":"#0"}}},{"from":[10.5,15,11],"to":[11.5,15,12],"rotation":{"angle":45,"axis":"x","origin":[9.5,14,12]},"faces":{"north":{"uv":[2.75,5.75,2.875,5.75],"texture":"#0"},"east":{"uv":[4.375,6.25,4.5,6.25],"texture":"#0"},"south":{"uv":[4.625,6.25,4.75,6.25],"texture":"#0"},"west":{"uv":[6.25,4.75,6.375,4.75],"texture":"#0"},"up":{"uv":[0.375,6.25,0.25,6.125],"texture":"#0"},"down":{"uv":[0.625,6.125,0.5,6.25],"texture":"#0"}}},{"from":[4.5,12,10.5],"to":[4.5,13,11.5],"rotation":{"angle":-45,"axis":"z","origin":[3.5,14,13]},"faces":{"north":{"uv":[6.25,4.875,6.25,5],"texture":"#0"},"east":{"uv":[0.75,6.125,0.875,6.25],"texture":"#0"},"south":{"uv":[6.25,5.125,6.25,5.25],"texture":"#0"},"west":{"uv":[1,6.125,1.125,6.25],"texture":"#0"},"up":{"uv":[6.25,5.5,6.25,5.375],"texture":"#0"},"down":{"uv":[6.25,5.625,6.25,5.75],"texture":"#0"}}},{"from":[8.5,12,11],"to":[8.5,13,12],"rotation":{"angle":45,"axis":"x","origin":[10.5,14,12]},"faces":{"north":{"uv":[6.25,5.875,6.25,6],"texture":"#0"},"east":{"uv":[1.25,6.125,1.375,6.25],"texture":"#0"},"south":{"uv":[6.25,6.125,6.25,6.25],"texture":"#0"},"west":{"uv":[1.5,6.125,1.625,6.25],"texture":"#0"},"up":{"uv":[0,6.5,0,6.375],"texture":"#0"},"down":{"uv":[0.125,6.375,0.125,6.5],"texture":"#0"}}},{"from":[10.5,14,13],"to":[11.5,14,14],"rotation":{"angle":45,"axis":"x","origin":[9.5,14,12]},"faces":{"north":{"uv":[0.25,6.375,0.375,6.375],"texture":"#0"},"east":{"uv":[0.5,6.375,0.625,6.375],"texture":"#0"},"south":{"uv":[0.75,6.375,0.875,6.375],"texture":"#0"},"west":{"uv":[1,6.375,1.125,6.375],"texture":"#0"},"up":{"uv":[1.875,6.25,1.75,6.125],"texture":"#0"},"down":{"uv":[6.25,3.25,6.125,3.375],"texture":"#0"}}},{"from":[12.5,13.5,7.5],"to":[12.5,14.5,8.5],"rotation":{"angle":45,"axis":"z","origin":[12.5,14,7]},"faces":{"north":{"uv":[6.375,1.125,6.375,1.25],"texture":"#0"},"east":{"uv":[3.5,6.125,3.625,6.25],"texture":"#0"},"south":{"uv":[1.25,6.375,1.25,6.5],"texture":"#0"},"west":{"uv":[6.125,3.5,6.25,3.625],"texture":"#0"},"up":{"uv":[1.375,6.5,1.375,6.375],"texture":"#0"},"down":{"uv":[6.375,1.375,6.375,1.5],"texture":"#0"}}},{"from":[12.5,12.5,4.5],"to":[12.5,13.5,5.5],"rotation":{"angle":45,"axis":"z","origin":[12.5,14,7]},"faces":{"north":{"uv":[1.5,6.375,1.5,6.5],"texture":"#0"},"east":{"uv":[6.125,3.75,6.25,3.875],"texture":"#0"},"south":{"uv":[1.625,6.375,1.625,6.5],"texture":"#0"},"west":{"uv":[6.125,4,6.25,4.125],"texture":"#0"},"up":{"uv":[6.375,1.75,6.375,1.625],"texture":"#0"},"down":{"uv":[1.75,6.375,1.75,6.5],"texture":"#0"}}},{"from":[7.5,14,12],"to":[8.5,14,13],"rotation":{"angle":45,"axis":"x","origin":[9.5,14,12]},"faces":{"north":{"uv":[1.875,6.375,2,6.375],"texture":"#0"},"east":{"uv":[6.375,1.875,6.5,1.875],"texture":"#0"},"south":{"uv":[6.375,2,6.5,2],"texture":"#0"},"west":{"uv":[2.125,6.375,2.25,6.375],"texture":"#0"},"up":{"uv":[6.25,4.375,6.125,4.25],"texture":"#0"},"down":{"uv":[6.25,4.5,6.125,4.625],"texture":"#0"}}},{"from":[3.5,12,6.5],"to":[3.5,13,7.5],"rotation":{"angle":-45,"axis":"z","origin":[3.5,14,9]},"faces":{"north":{"uv":[6.375,2.125,6.375,2.25],"texture":"#0"},"east":{"uv":[4.875,6.125,5,6.25],"texture":"#0"},"south":{"uv":[2.375,6.375,2.375,6.5],"texture":"#0"},"west":{"uv":[5.125,6.125,5.25,6.25],"texture":"#0"},"up":{"uv":[6.375,2.5,6.375,2.375],"texture":"#0"},"down":{"uv":[2.5,6.375,2.5,6.5],"texture":"#0"}}},{"from":[3.25,8,2.75],"to":[12.75,11,2.75],"rotation":{"angle":0,"axis":"y","origin":[4,7,2.25]},"faces":{"north":{"uv":[4.625,1.75,5.875,2.125],"texture":"#0"},"east":{"uv":[2.625,6.375,2.625,6.75],"texture":"#0"},"south":{"uv":[4.625,2.25,5.875,2.625],"texture":"#0"},"west":{"uv":[6.375,2.625,6.375,3],"texture":"#0"},"up":{"uv":[7.625,3.125,6.375,3.125],"texture":"#0"},"down":{"uv":[7.625,3.25,6.375,3.25],"texture":"#0"}}},{"from":[12.75,8,2.75],"to":[12.75,11,13.25],"rotation":{"angle":0,"axis":"y","origin":[12,7,3]},"faces":{"north":{"uv":[6.375,3.375,6.375,3.75],"texture":"#0"},"east":{"uv":[4.25,3.375,5.625,3.75],"texture":"#0"},"south":{"uv":[3.5,6.375,3.5,6.75],"texture":"#0"},"west":{"uv":[4.25,3.875,5.625,4.25],"texture":"#0"},"up":{"uv":[3.625,7.75,3.625,6.375],"texture":"#0"},"down":{"uv":[4.375,6.375,4.375,7.75],"texture":"#0"}}},{"from":[3.25,8,13.25],"to":[12.75,11,13.25],"rotation":{"angle":0,"axis":"y","origin":[4,7,13.75]},"faces":{"north":{"uv":[2.5,4.625,3.75,5],"texture":"#0"},"east":{"uv":[6.375,3.875,6.375,4.25],"texture":"#0"},"south":{"uv":[4.625,2.75,5.875,3.125],"texture":"#0"},"west":{"uv":[4.5,6.375,4.5,6.75],"texture":"#0"},"up":{"uv":[7.625,4.375,6.375,4.375],"texture":"#0"},"down":{"uv":[7.625,4.5,6.375,4.5],"texture":"#0"}}},{"from":[5.25,2,13.25],"to":[5.25,11,19.25],"rotation":{"angle":-22.5,"axis":"y","origin":[5.25,11,13.25]},"faces":{"north":{"uv":[4.625,6.375,4.625,7.5],"texture":"#0"},"east":{"uv":[2.5,3.375,3.25,4.5],"texture":"#0"},"south":{"uv":[4.75,6.375,4.75,7.5],"texture":"#0"},"west":{"uv":[3.375,3.375,4.125,4.5],"texture":"#0"},"up":{"uv":[4.875,7.125,4.875,6.375],"texture":"#0"},"down":{"uv":[6.375,4.875,6.375,5.625],"texture":"#0"}}},{"from":[3.25,8,2.75],"to":[3.25,11,13.25],"rotation":{"angle":0,"axis":"y","origin":[4,7,3]},"faces":{"north":{"uv":[5,6.375,5,6.75],"texture":"#0"},"east":{"uv":[4.375,1.25,5.75,1.625],"texture":"#0"},"south":{"uv":[5.125,6.375,5.125,6.75],"texture":"#0"},"west":{"uv":[4.25,4.375,5.625,4.75],"texture":"#0"},"up":{"uv":[5.25,7.75,5.25,6.375],"texture":"#0"},"down":{"uv":[5.375,6.375,5.375,7.75],"texture":"#0"}}},{"from":[13,8.6,9.6],"to":[13,13.6,11.6],"rotation":{"angle":22.5,"axis":"x","origin":[13,10.35,8.6]},"faces":{"north":{"uv":[5.625,7,5.625,6.375],"texture":"#0"},"east":{"uv":[3.625,5.75,3.375,5.125],"texture":"#0"},"south":{"uv":[5.5,7,5.5,6.375],"texture":"#0"},"west":{"uv":[3.25,5.75,3,5.125],"texture":"#0"},"up":{"uv":[6,6.375,5.75,6.375],"rotation":90,"texture":"#0"},"down":{"uv":[6.625,4.625,6.375,4.625],"rotation":270,"texture":"#0"}}},{"from":[13,8.6,7.6],"to":[13,10.6,9.6],"rotation":{"angle":22.5,"axis":"x","origin":[13,10.35,8.6]},"faces":{"north":{"uv":[6.125,6.625,6.125,6.375],"texture":"#0"},"east":{"uv":[2.25,6.25,2,6],"texture":"#0"},"south":{"uv":[6.375,6,6.375,5.75],"texture":"#0"},"west":{"uv":[6.25,2.125,6,1.875],"texture":"#0"},"up":{"uv":[6.5,6.375,6.25,6.375],"rotation":90,"texture":"#0"},"down":{"uv":[6.625,6.125,6.375,6.125],"rotation":270,"texture":"#0"}}},{"from":[13,8.6,5.6],"to":[13,13.6,7.6],"rotation":{"angle":22.5,"axis":"x","origin":[13,10.35,8.6]},"faces":{"north":{"uv":[0.25,7.125,0.25,6.5],"texture":"#0"},"east":{"uv":[4.375,5.875,4.125,5.25],"texture":"#0"},"south":{"uv":[6.5,0.625,6.5,0],"texture":"#0"},"west":{"uv":[4,5.875,3.75,5.25],"texture":"#0"},"up":{"uv":[0.625,6.5,0.375,6.5],"rotation":90,"texture":"#0"},"down":{"uv":[6.625,6.25,6.375,6.25],"rotation":270,"texture":"#0"}}},{"from":[3,8.6,2.4],"to":[3,13.6,4.4],"rotation":{"angle":-22.5,"axis":"x","origin":[3,10.35,5.4]},"faces":{"north":{"uv":[5.5,7,5.5,6.375],"texture":"#0"},"east":{"uv":[3.25,5.75,3,5.125],"texture":"#0"},"south":{"uv":[5.625,7,5.625,6.375],"texture":"#0"},"west":{"uv":[3.625,5.75,3.375,5.125],"texture":"#0"},"up":{"uv":[5.75,6.375,6,6.375],"rotation":90,"texture":"#0"},"down":{"uv":[6.375,4.625,6.625,4.625],"rotation":270,"texture":"#0"}}},{"from":[3,8.6,4.4],"to":[3,10.6,6.4],"rotation":{"angle":-22.5,"axis":"x","origin":[3,10.35,5.4]},"faces":{"north":{"uv":[6.375,6,6.375,5.75],"texture":"#0"},"east":{"uv":[6.25,2.125,6,1.875],"texture":"#0"},"south":{"uv":[6.125,6.625,6.125,6.375],"texture":"#0"},"west":{"uv":[2.25,6.25,2,6],"texture":"#0"},"up":{"uv":[6.25,6.375,6.5,6.375],"rotation":90,"texture":"#0"},"down":{"uv":[6.375,6.125,6.625,6.125],"rotation":270,"texture":"#0"}}},{"from":[3,8.6,6.4],"to":[3,13.6,8.4],"rotation":{"angle":-22.5,"axis":"x","origin":[3,10.35,5.4]},"faces":{"north":{"uv":[6.5,0.625,6.5,0],"texture":"#0"},"east":{"uv":[4,5.875,3.75,5.25],"texture":"#0"},"south":{"uv":[0.25,7.125,0.25,6.5],"texture":"#0"},"west":{"uv":[4.375,5.875,4.125,5.25],"texture":"#0"},"up":{"uv":[0.375,6.5,0.625,6.5],"rotation":90,"texture":"#0"},"down":{"uv":[6.375,6.25,6.625,6.25],"rotation":270,"texture":"#0"}}},{"from":[2.5,8,0],"to":[13.5,8,16],"rotation":{"angle":0,"axis":"y","origin":[4,7,3]},"faces":{"north":{"uv":[6.5,0.75,7.875,0.75],"texture":"#0"},"east":{"uv":[6.5,0.875,8.5,0.875],"texture":"#0"},"south":{"uv":[6.5,1,7.875,1],"texture":"#0"},"west":{"uv":[6.5,1.125,8.5,1.125],"texture":"#0"},"up":{"uv":[1.375,2,0,0],"texture":"#0"},"down":{"uv":[2.875,0,1.5,2],"texture":"#0"}}},{"from":[2.49929,8.00029,0],"to":[2.49929,12.00029,16],"rotation":{"angle":45,"axis":"z","origin":[2.49929,8.00029,8]},"faces":{"north":{"uv":[0.75,6.5,0.75,7],"texture":"#0"},"east":{"uv":[2.5,2.125,4.5,2.625],"texture":"#0"},"south":{"uv":[0.875,6.5,0.875,7],"texture":"#0"},"west":{"uv":[2.5,2.75,4.5,3.25],"texture":"#0"},"up":{"uv":[1,8.5,1,6.5],"texture":"#0"},"down":{"uv":[1.125,6.5,1.125,8.5],"texture":"#0"}}},{"from":[13.5,8.001,0],"to":[13.5,12.001,16],"rotation":{"angle":-45,"axis":"z","origin":[13.5,8.001,8]},"faces":{"north":{"uv":[6.5,1.25,6.5,1.75],"texture":"#0"},"east":{"uv":[3,0,5,0.5],"texture":"#0"},"south":{"uv":[1.875,6.5,1.875,7],"texture":"#0"},"west":{"uv":[3,0.625,5,1.125],"texture":"#0"},"up":{"uv":[2,8.5,2,6.5],"texture":"#0"},"down":{"uv":[2.125,6.5,2.125,8.5],"texture":"#0"}}},{"from":[3.5,8,3],"to":[12.5,12,13],"rotation":{"angle":0,"axis":"y","origin":[4,7,3]},"faces":{"north":{"uv":[0,4.125,1.125,4.625],"texture":"#0"},"east":{"uv":[3,1.25,4.25,1.75],"texture":"#0"},"south":{"uv":[1.25,4.125,2.375,4.625],"texture":"#0"},"west":{"uv":[0,3.5,1.25,4],"texture":"#0"},"up":{"uv":[1.125,3.375,0,2.125],"texture":"#0"},"down":{"uv":[2.375,2.125,1.25,3.375],"texture":"#0"}}},{"from":[9.5,12,3],"to":[12.5,14,13],"rotation":{"angle":0,"axis":"y","origin":[11,13.5,8]},"faces":{"north":{"uv":[5.75,4.75,6.125,5],"texture":"#0"},"east":{"uv":[3.875,4.875,5.125,5.125],"texture":"#0"},"south":{"uv":[4.875,5.75,5.25,6],"texture":"#0"},"west":{"uv":[5.125,0,6.375,0.25],"texture":"#0"},"up":{"uv":[0.375,6,0,4.75],"texture":"#0"},"down":{"uv":[0.875,4.75,0.5,6],"texture":"#0"}}},{"from":[3.5,12,3],"to":[6.5,14,13],"rotation":{"angle":0,"axis":"y","origin":[5,13.5,8]},"faces":{"north":{"uv":[5.375,5.75,5.75,6],"texture":"#0"},"east":{"uv":[5.125,0.375,6.375,0.625],"texture":"#0"},"south":{"uv":[5.875,1.125,6.25,1.375],"texture":"#0"},"west":{"uv":[5.125,0.75,6.375,1],"texture":"#0"},"up":{"uv":[1.375,6,1,4.75],"texture":"#0"},"down":{"uv":[1.875,4.75,1.5,6],"texture":"#0"}}}],"gui_light":"front","display":{"thirdperson_righthand":{"rotation":[22.5,0,0],"translation":[0,0.25,-4.75],"scale":[0.9,0.9,0.9]},"thirdperson_lefthand":{"rotation":[22.5,0,0],"translation":[0,0.25,-4.75],"scale":[0.9,0.9,0.9]},"firstperson_righthand":{"rotation":[11.31,-7.16,1.45],"translation":[6.75,-1.75,-8.25]},"firstperson_lefthand":{"rotation":[11.31,-7.16,1.45],"translation":[6.75,-1.75,-8.25]},"ground":{"scale":[0.9,0.9,0.9]},"gui":{"rotation":[22.5,145,0],"translation":[-0.5,-1.75,0],"scale":[0.8,0.8,0.8]},"head":{"translation":[0,1.75,0],"scale":[1.7,1.7,1.7]},"fixed":{"rotation":[-90,0,0],"scale":[2,2,2]}}}