{"credit":"Made with Blockbench","texture_size":[64,64],"textures":{"0":"customhatsv2:hats/magnet_hat_texture","particle":"customhatsv2:hats/magnet_hat_texture"},"elements":[{"from":[1.5,3.5,6],"to":[14.5,14.5,6],"rotation":{"angle":22.5,"axis":"x","origin":[8.5,4.125,8]},"faces":{"north":{"uv":[0,0,3.25,2.75],"texture":"#0"},"east":{"uv":[2.25,11.5,2.25,14.25],"texture":"#0"},"south":{"uv":[0,3,3.25,5.75],"texture":"#0"},"west":{"uv":[11.5,8,11.5,10.75],"texture":"#0"},"up":{"uv":[14.75,11,11.5,11],"texture":"#0"},"down":{"uv":[14.75,11.25,11.5,11.25],"texture":"#0"}}},{"from":[1.5,3.5,6],"to":[14.5,3.5,10],"rotation":{"angle":22.5,"axis":"x","origin":[8.5,4.125,8]},"faces":{"north":{"uv":[11.5,11.5,14.75,11.5],"texture":"#0"},"east":{"uv":[11.75,0,12.75,0],"texture":"#0"},"south":{"uv":[11.75,0.25,15,0.25],"texture":"#0"},"west":{"uv":[11.75,0.5,12.75,0.5],"texture":"#0"},"up":{"uv":[10.25,1,7,0],"texture":"#0"},"down":{"uv":[10.25,1.25,7,2.25],"texture":"#0"}}},{"from":[10.5,3.5,6],"to":[10.5,10.5,10],"rotation":{"angle":22.5,"axis":"x","origin":[8.5,4.125,8]},"faces":{"north":{"uv":[9.25,11.5,9.25,13.25],"texture":"#0"},"east":{"uv":[10.5,0,11.5,1.75],"texture":"#0"},"south":{"uv":[9.5,11.5,9.5,13.25],"texture":"#0"},"west":{"uv":[10.5,2,11.5,3.75],"texture":"#0"},"up":{"uv":[9.75,12.5,9.75,11.5],"texture":"#0"},"down":{"uv":[10,11.5,10,12.5],"texture":"#0"}}},{"from":[5.5,3.5,6],"to":[5.5,10.5,10],"rotation":{"angle":22.5,"axis":"x","origin":[7.5,4.125,8]},"faces":{"north":{"uv":[7.5,8.5,7.5,10.25],"texture":"#0"},"east":{"uv":[10.25,7.75,11.25,9.5],"texture":"#0"},"south":{"uv":[7.75,8.5,7.75,10.25],"texture":"#0"},"west":{"uv":[10.25,9.75,11.25,11.5],"texture":"#0"},"up":{"uv":[9,12,9,11],"texture":"#0"},"down":{"uv":[2,11.5,2,12.5],"texture":"#0"}}},{"from":[5.5,10.5,6],"to":[10.5,10.5,10],"rotation":{"angle":22.5,"axis":"x","origin":[8.5,4.125,8]},"faces":{"north":{"uv":[11.75,0.75,13,0.75],"texture":"#0"},"east":{"uv":[11.75,1,12.75,1],"texture":"#0"},"south":{"uv":[11.75,1.25,13,1.25],"texture":"#0"},"west":{"uv":[11.75,1.5,12.75,1.5],"texture":"#0"},"up":{"uv":[8.75,12,7.5,11],"texture":"#0"},"down":{"uv":[3.75,11.25,2.5,12.25],"texture":"#0"}}},{"from":[1.5,3.5,6],"to":[1.5,14.5,10],"rotation":{"angle":22.5,"axis":"x","origin":[7.5,4.125,8]},"faces":{"north":{"uv":[11.75,8,11.75,10.75],"texture":"#0"},"east":{"uv":[8,5,9,7.75],"texture":"#0"},"south":{"uv":[10.25,11.75,10.25,14.5],"texture":"#0"},"west":{"uv":[8,8,9,10.75],"texture":"#0"},"up":{"uv":[11.75,2.75,11.75,1.75],"texture":"#0"},"down":{"uv":[10.5,11.75,10.5,12.75],"texture":"#0"}}},{"from":[1.5,3.5,10],"to":[14.5,14.5,10],"rotation":{"angle":22.5,"axis":"x","origin":[8.5,4.125,8]},"faces":{"north":{"uv":[3.5,0,6.75,2.75],"texture":"#0"},"east":{"uv":[10.75,11.75,10.75,14.5],"texture":"#0"},"south":{"uv":[3.5,3,6.75,5.75],"texture":"#0"},"west":{"uv":[11,11.75,11,14.5],"texture":"#0"},"up":{"uv":[15,3,11.75,3],"texture":"#0"},"down":{"uv":[15,3.25,11.75,3.25],"texture":"#0"}}},{"from":[1.5,14.5,6],"to":[14.5,14.5,10],"rotation":{"angle":22.5,"axis":"x","origin":[8.5,4.125,8]},"faces":{"north":{"uv":[11.75,3.5,15,3.5],"texture":"#0"},"east":{"uv":[11.75,3.75,12.75,3.75],"texture":"#0"},"south":{"uv":[11.25,11.75,14.5,11.75],"texture":"#0"},"west":{"uv":[12,1.75,13,1.75],"texture":"#0"},"up":{"uv":[10.25,3.5,7,2.5],"texture":"#0"},"down":{"uv":[10.25,3.75,7,4.75],"texture":"#0"}}},{"from":[14.5,3.5,6],"to":[14.5,14.5,10],"rotation":{"angle":22.5,"axis":"x","origin":[8.5,4.125,8]},"faces":{"north":{"uv":[12,8,12,10.75],"texture":"#0"},"east":{"uv":[0,8.5,1,11.25],"texture":"#0"},"south":{"uv":[11.25,12,11.25,14.75],"texture":"#0"},"west":{"uv":[1.25,8.5,2.25,11.25],"texture":"#0"},"up":{"uv":[11.5,13,11.5,12],"texture":"#0"},"down":{"uv":[11.75,12,11.75,13],"texture":"#0"}}},{"from":[0,-4,8],"to":[7,5,8],"rotation":{"angle":-45,"axis":"z","origin":[5,4,8]},"faces":{"north":{"uv":[0,6,1.75,8.25],"texture":"#0"},"east":{"uv":[12,12,12,14.25],"texture":"#0"},"south":{"uv":[1.75,6,0,8.25],"texture":"#0"},"west":{"uv":[4,12.25,4,14.5],"texture":"#0"},"up":{"uv":[13.75,2,12,2],"texture":"#0"},"down":{"uv":[13.75,2.25,12,2.25],"texture":"#0"}}},{"from":[9,-4,8],"to":[16,5,8],"rotation":{"angle":45,"axis":"z","origin":[11,4,8]},"faces":{"north":{"uv":[1.75,6,0,8.25],"texture":"#0"},"east":{"uv":[4.25,12.25,4.25,14.5],"texture":"#0"},"south":{"uv":[0,6,1.75,8.25],"texture":"#0"},"west":{"uv":[4.5,12.25,4.5,14.5],"texture":"#0"},"up":{"uv":[13.75,2.5,12,2.5],"texture":"#0"},"down":{"uv":[13.75,2.75,12,2.75],"texture":"#0"}}},{"from":[2,4,6.5],"to":[5,14,9.5],"rotation":{"angle":22.5,"axis":"x","origin":[8,4.125,8]},"faces":{"north":{"uv":[2.5,8.5,3.25,11],"texture":"#0"},"east":{"uv":[3.5,8.5,4.25,11],"texture":"#0"},"south":{"uv":[4.5,8.5,5.25,11],"texture":"#0"},"west":{"uv":[5.5,8.5,6.25,11],"texture":"#0"},"up":{"uv":[7.75,5.75,7,5],"texture":"#0"},"down":{"uv":[10,10.5,9.25,11.25],"texture":"#0"}}},{"from":[5,11,6.5],"to":[11,14,9.5],"rotation":{"angle":22.5,"axis":"x","origin":[8,4.125,8]},"faces":{"north":{"uv":[10.5,4,12,4.75],"texture":"#0"},"east":{"uv":[11.25,6,12,6.75],"texture":"#0"},"south":{"uv":[4,11.25,5.5,12],"texture":"#0"},"west":{"uv":[0,11.5,0.75,12.25],"texture":"#0"},"up":{"uv":[12.75,5.75,11.25,5],"texture":"#0"},"down":{"uv":[7.25,11.25,5.75,12],"texture":"#0"}}},{"from":[11,4,6.5],"to":[14,14,9.5],"rotation":{"angle":22.5,"axis":"x","origin":[8,4.125,8]},"faces":{"north":{"uv":[6.5,8.5,7.25,11],"texture":"#0"},"east":{"uv":[9.25,5,10,7.5],"texture":"#0"},"south":{"uv":[9.25,7.75,10,10.25],"texture":"#0"},"west":{"uv":[10.25,5,11,7.5],"texture":"#0"},"up":{"uv":[1.75,12.25,1,11.5],"texture":"#0"},"down":{"uv":[12.25,7,11.5,7.75],"texture":"#0"}}}],"gui_light":"front","display":{"thirdperson_righthand":{"rotation":[70,0,0],"translation":[0,-0.5,-3],"scale":[0.8,0.8,0.8]},"thirdperson_lefthand":{"rotation":[70,0,0],"translation":[0,-0.5,-3],"scale":[0.8,0.8,0.8]},"firstperson_righthand":{"rotation":[100,0,0],"translation":[8.75,0,-9]},"firstperson_lefthand":{"rotation":[100,0,0],"translation":[8.75,0,-9]},"ground":{"translation":[0,5,0],"scale":[0.9,0.9,0.9]},"gui":{"rotation":[0,180,0],"translation":[0,1,0],"scale":[0.9,0.9,0.9]},"head":{"translation":[0,6.5,0],"scale":[1.6,1.6,1.6]},"fixed":{"rotation":[-22.5,0,0],"translation":[0,-2.5,-6],"scale":[2,2,2]}}}