{"credit":"Made with Blockbench","texture_size":[128,128],"textures":{"0":"customhatsv2:hats/ufo_hat_texture","particle":"customhatsv2:hats/ufo_hat_texture"},"elements":[{"from":[2,5,2],"to":[14,9,14],"rotation":{"angle":0,"axis":"y","origin":[3,5,3]},"faces":{"north":{"uv":[4.75,4.625,6.25,5.125],"texture":"#0"},"east":{"uv":[4.875,0,6.375,0.5],"texture":"#0"},"south":{"uv":[4.875,0.625,6.375,1.125],"texture":"#0"},"west":{"uv":[4.875,1.25,6.375,1.75],"texture":"#0"},"up":{"uv":[3.25,1.5,1.75,0],"texture":"#0"},"down":{"uv":[3.25,1.625,1.75,3.125],"texture":"#0"}}},{"from":[1.75,6,14.25],"to":[14.25,8,14.25],"rotation":{"angle":0,"axis":"y","origin":[3,5,13.25]},"faces":{"north":{"uv":[7.375,2.625,5.75,2.875],"texture":"#0"},"east":{"uv":[4.25,6.375,4.25,6.625],"texture":"#0"},"south":{"uv":[5.75,2.625,7.375,2.875],"texture":"#0"},"west":{"uv":[4.375,6.375,4.375,6.625],"texture":"#0"},"up":{"uv":[6.125,6.375,4.5,6.375],"texture":"#0"},"down":{"uv":[8,4.625,6.375,4.625],"texture":"#0"}}},{"from":[1.75,6,1.75],"to":[1.75,8,14.25],"rotation":{"angle":0,"axis":"y","origin":[3,5,2.75]},"faces":{"north":{"uv":[6.375,4.75,6.375,5],"texture":"#0"},"east":{"uv":[1,5.75,2.625,6],"texture":"#0"},"south":{"uv":[6.25,6.375,6.25,6.625],"texture":"#0"},"west":{"uv":[5.75,4,7.375,4.25],"texture":"#0"},"up":{"uv":[6.375,8,6.375,6.375],"texture":"#0"},"down":{"uv":[6.5,0,6.5,1.625],"texture":"#0"}}},{"from":[14.25,6,1.75],"to":[14.25,8,14.25],"rotation":{"angle":0,"axis":"y","origin":[13,5,2.75]},"faces":{"north":{"uv":[6.5,3,6.5,3.25],"texture":"#0"},"east":{"uv":[3.625,6,5.25,6.25],"texture":"#0"},"south":{"uv":[4.5,6.5,4.5,6.75],"texture":"#0"},"west":{"uv":[7.375,4,5.75,4.25],"texture":"#0"},"up":{"uv":[4.625,8.125,4.625,6.5],"texture":"#0"},"down":{"uv":[4.75,6.5,4.75,8.125],"texture":"#0"}}},{"from":[1.75,6,1.75],"to":[14.25,8,1.75],"rotation":{"angle":0,"axis":"y","origin":[3,5,2.75]},"faces":{"north":{"uv":[1,5.75,2.625,6],"texture":"#0"},"east":{"uv":[4,6.375,4,6.625],"texture":"#0"},"south":{"uv":[3.625,6,5.25,6.25],"texture":"#0"},"west":{"uv":[4.125,6.375,4.125,6.625],"texture":"#0"},"up":{"uv":[7.375,4.375,5.75,4.375],"texture":"#0"},"down":{"uv":[7.375,4.5,5.75,4.5],"texture":"#0"}}},{"from":[2.5,0,2.5],"to":[13.5,5,2.5],"rotation":{"angle":0,"axis":"y","origin":[3,1,3]},"faces":{"north":{"uv":[1.75,3.25,3.125,3.875],"texture":"#0"},"east":{"uv":[4.875,6.5,4.875,7.125],"texture":"#0"},"south":{"uv":[3.375,2.25,4.75,2.875],"texture":"#0"},"west":{"uv":[5,6.5,5,7.125],"texture":"#0"},"up":{"uv":[1.375,4.625,0,4.625],"texture":"#0"},"down":{"uv":[7.75,5.125,6.375,5.125],"texture":"#0"}}},{"from":[2.5,0,2.5],"to":[2.5,5,13.5],"rotation":{"angle":0,"axis":"y","origin":[3,1,3]},"faces":{"north":{"uv":[5.375,6.5,5.375,7.125],"texture":"#0"},"east":{"uv":[0,3.5,1.375,4.125],"texture":"#0"},"south":{"uv":[5.5,6.5,5.5,7.125],"texture":"#0"},"west":{"uv":[3.375,2.25,4.75,2.875],"texture":"#0"},"up":{"uv":[5.625,7.875,5.625,6.5],"texture":"#0"},"down":{"uv":[5.75,6.5,5.75,7.875],"texture":"#0"}}},{"from":[13.5,0,2.5],"to":[13.5,5,13.5],"rotation":{"angle":0,"axis":"y","origin":[13,1,3]},"faces":{"north":{"uv":[5.875,6.5,5.875,7.125],"texture":"#0"},"east":{"uv":[0,3.5,1.375,4.125],"texture":"#0"},"south":{"uv":[6,6.5,6,7.125],"texture":"#0"},"west":{"uv":[1.75,3.25,3.125,3.875],"texture":"#0"},"up":{"uv":[6.125,7.875,6.125,6.5],"texture":"#0"},"down":{"uv":[6.5,6.375,6.5,7.75],"texture":"#0"}}},{"from":[2.5,0,13.5],"to":[13.5,5,13.5],"rotation":{"angle":0,"axis":"y","origin":[3,1,13]},"faces":{"north":{"uv":[3.375,0.75,4.75,1.375],"texture":"#0"},"east":{"uv":[5.125,6.5,5.125,7.125],"texture":"#0"},"south":{"uv":[3.375,0.75,4.75,1.375],"texture":"#0"},"west":{"uv":[5.25,6.5,5.25,7.125],"texture":"#0"},"up":{"uv":[7.875,1.75,6.5,1.75],"texture":"#0"},"down":{"uv":[7.875,3.375,6.5,3.375],"texture":"#0"}}},{"from":[5,9,5],"to":[11,13,11],"rotation":{"angle":0,"axis":"y","origin":[3,9,3]},"faces":{"north":{"uv":[0,6.125,0.75,6.625],"texture":"#0"},"east":{"uv":[0.875,6.125,1.625,6.625],"texture":"#0"},"south":{"uv":[1.75,6.125,2.5,6.625],"texture":"#0"},"west":{"uv":[2.625,6.125,3.375,6.625],"texture":"#0"},"up":{"uv":[5.625,2.625,4.875,1.875],"texture":"#0"},"down":{"uv":[3.5,5.25,2.75,6],"texture":"#0"}}},{"from":[7,13,7],"to":[9,15,9],"rotation":{"angle":0,"axis":"y","origin":[3,13,3]},"faces":{"north":{"uv":[0,4.25,0.25,4.5],"texture":"#0"},"east":{"uv":[0.375,4.25,0.625,4.5],"texture":"#0"},"south":{"uv":[0.75,4.25,1,4.5],"texture":"#0"},"west":{"uv":[1.125,4.25,1.375,4.5],"texture":"#0"},"up":{"uv":[1.25,5.625,1,5.375],"texture":"#0"},"down":{"uv":[1.625,5.375,1.375,5.625],"texture":"#0"}}},{"from":[7.5,15,8.5],"to":[8.5,17,8.5],"rotation":{"angle":0,"axis":"y","origin":[3,15,3.5]},"faces":{"north":{"uv":[1.5,3.5,1.625,3.75],"texture":"#0"},"east":{"uv":[6.5,4.75,6.5,5],"texture":"#0"},"south":{"uv":[2.75,4.75,2.875,5],"texture":"#0"},"west":{"uv":[6.625,0,6.625,0.25],"texture":"#0"},"up":{"uv":[3.5,3,3.375,3],"texture":"#0"},"down":{"uv":[3.5,3.125,3.375,3.125],"texture":"#0"}}},{"from":[7.5,15,7.5],"to":[7.5,17,8.5],"rotation":{"angle":0,"axis":"y","origin":[3,15,3.5]},"faces":{"north":{"uv":[6.625,0.375,6.625,0.625],"texture":"#0"},"east":{"uv":[3.5,6.375,3.625,6.625],"texture":"#0"},"south":{"uv":[6.625,0.75,6.625,1],"texture":"#0"},"west":{"uv":[3.75,6.375,3.875,6.625],"texture":"#0"},"up":{"uv":[3.625,3.125,3.625,3],"texture":"#0"},"down":{"uv":[3.75,3,3.75,3.125],"texture":"#0"}}},{"from":[14.5,9,14.5],"to":[1.5,5,1.5],"rotation":{"angle":0,"axis":"y","origin":[3,5,3]},"faces":{"north":{"uv":[3,4,4.625,4.5],"texture":"#0"},"east":{"uv":[3,4.625,4.625,5.125],"texture":"#0"},"south":{"uv":[0,4.75,1.625,5.25],"texture":"#0"},"west":{"uv":[4.75,3,6.375,3.5],"texture":"#0"},"up":{"uv":[1.625,1.625,0,0],"texture":"#0"},"down":{"uv":[1.625,1.75,0,3.375],"texture":"#0"}}},{"from":[11.5,13.5,11.5],"to":[4.5,8.75,4.5],"rotation":{"angle":0,"axis":"y","origin":[3,9,3]},"faces":{"north":{"uv":[3.625,5.25,4.5,5.875],"texture":"#0"},"east":{"uv":[4.625,5.25,5.5,5.875],"texture":"#0"},"south":{"uv":[0,5.375,0.875,6],"texture":"#0"},"west":{"uv":[5.625,5.25,6.5,5.875],"texture":"#0"},"up":{"uv":[2.625,5.625,1.75,4.75],"texture":"#0"},"down":{"uv":[5.625,3.625,4.75,4.5],"texture":"#0"}}}],"gui_light":"front","display":{"thirdperson_righthand":{"translation":[0,-0.75,-3.5],"scale":[0.9,0.9,0.9]},"thirdperson_lefthand":{"translation":[0,-0.75,-3.5],"scale":[0.9,0.9,0.9]},"firstperson_righthand":{"rotation":[11.5,0,0],"translation":[8.75,0,-9.5]},"firstperson_lefthand":{"rotation":[11.5,0,0],"translation":[8.75,0,-9.5]},"ground":{"translation":[0,2,0],"scale":[0.9,0.9,0.9]},"gui":{"rotation":[22.5,45,0],"translation":[0,1,0],"scale":[0.86,0.86,0.86]},"head":{"translation":[0,6.5,0],"scale":[1.6,1.6,1.6]},"fixed":{"rotation":[-90,0,0],"translation":[0,0,-6],"scale":[2,2,2]}}}