{"credit":"Made with Blockbench","texture_size":[32,32],"textures":{"0":"customhatsv1:hats/beret_hat_texture","particle":"customhatsv1:hats/beret_hat_texture"},"elements":[{"from":[5.759,5.21158,8],"to":[6.759,6.21158,9],"rotation":{"angle":22.5,"axis":"z","origin":[6.384,2.71158,11]},"faces":{"north":{"uv":[0,11,0.5,11.5],"texture":"#0"},"east":{"uv":[0.5,11,1,11.5],"texture":"#0"},"south":{"uv":[1,11,1.5,11.5],"texture":"#0"},"west":{"uv":[1.5,11,2,11.5],"texture":"#0"},"up":{"uv":[2.5,11.5,2,11],"texture":"#0"},"down":{"uv":[3,11,2.5,11.5],"texture":"#0"}}},{"from":[4,0,4],"to":[12,3,12],"rotation":{"angle":0,"axis":"y","origin":[0,-7,0]},"faces":{"north":{"uv":[9,4,13,5.5],"texture":"#0"},"east":{"uv":[0,9.5,4,11],"texture":"#0"},"south":{"uv":[4,9.5,8,11],"texture":"#0"},"west":{"uv":[8,9.5,12,11],"texture":"#0"},"up":{"uv":[4,9.5,0,5.5],"texture":"#0"},"down":{"uv":[8,5.5,4,9.5],"texture":"#0"}}},{"from":[1.759,1.21158,3],"to":[10.759,5.21158,14],"rotation":{"angle":22.5,"axis":"z","origin":[6.384,2.71158,11]},"faces":{"north":{"uv":[9,0,13.5,2],"texture":"#0"},"east":{"uv":[8,5.5,13.5,7.5],"texture":"#0"},"south":{"uv":[9,2,13.5,4],"texture":"#0"},"west":{"uv":[8,7.5,13.5,9.5],"texture":"#0"},"up":{"uv":[4.5,5.5,0,0],"texture":"#0"},"down":{"uv":[9,0,4.5,5.5],"texture":"#0"}}}],"gui_light":"front","display":{"thirdperson_righthand":{"rotation":[0,-90,0],"translation":[0,3,-2],"scale":[0.75,0.75,0.75]},"thirdperson_lefthand":{"rotation":[0,90,0],"translation":[0,3,-2],"scale":[0.75,0.75,0.75]},"firstperson_righthand":{"rotation":[0,-90,0],"translation":[1.75,5.75,0.75],"scale":[0.75,0.75,0.75]},"firstperson_lefthand":{"rotation":[0,90,0],"translation":[1.75,5.75,0.75],"scale":[0.75,0.75,0.75]},"ground":{"translation":[0,4.75,0],"scale":[0.75,0.75,0.75]},"gui":{"rotation":[22.5,-145,12],"translation":[-0.25,3.75,0]},"head":{"translation":[0,16.75,0],"scale":[1.9,1.9,1.9]},"fixed":{"rotation":[-90,0,0],"translation":[0,0,-14.5],"scale":[1.81,1.81,1.81]}}}