{"credit":"Made with Blockbench","texture_size":[32,32],"textures":{"0":"customhatsv1:hats/cookie_monster_hat_texture","particle":"customhatsv1:hats/cookie_monster_hat_texture"},"elements":[{"from":[3,0,3],"to":[13,3,13],"rotation":{"angle":0,"axis":"y","origin":[0,-5,0]},"faces":{"north":{"uv":[9,0,14,1.5],"texture":"#0"},"east":{"uv":[9,1.5,14,3],"texture":"#0"},"south":{"uv":[9,3,14,4.5],"texture":"#0"},"west":{"uv":[9,4.5,14,6],"texture":"#0"},"up":{"uv":[5,5,0,0],"texture":"#0"},"down":{"uv":[5,5,0,10],"texture":"#0"}}},{"from":[4,3,4],"to":[12,6,12],"rotation":{"angle":0,"axis":"y","origin":[0,-5,0]},"faces":{"north":{"uv":[9,6,13,7.5],"texture":"#0"},"east":{"uv":[0,10,4,11.5],"texture":"#0"},"south":{"uv":[4,11,8,12.5],"texture":"#0"},"west":{"uv":[11,7.5,15,9],"texture":"#0"},"up":{"uv":[9,4,5,0],"texture":"#0"},"down":{"uv":[9,4,5,8],"texture":"#0"}}},{"from":[6,4.12297,9.85445],"to":[10,8.12297,13.85445],"rotation":{"angle":22.5,"axis":"x","origin":[4,8.22297,10.10445]},"faces":{"north":{"uv":[3,12.5,5,14.5],"texture":"#0"},"east":{"uv":[5,12.5,7,14.5],"texture":"#0"},"south":{"uv":[7,13,9,15],"texture":"#0"},"west":{"uv":[9,13,11,15],"texture":"#0"},"up":{"uv":[13,15,11,13],"texture":"#0"},"down":{"uv":[15,13,13,15],"texture":"#0"}}},{"from":[5,8.12297,8.85445],"to":[11,12.12297,14.85445],"rotation":{"angle":22.5,"axis":"x","origin":[4,8.22297,10.10445]},"faces":{"north":{"uv":[8,11,11,13],"texture":"#0"},"east":{"uv":[11,9,14,11],"texture":"#0"},"south":{"uv":[11,11,14,13],"texture":"#0"},"west":{"uv":[0,11.5,3,13.5],"texture":"#0"},"up":{"uv":[8,11,5,8],"texture":"#0"},"down":{"uv":[11,8,8,11],"texture":"#0"}}},{"from":[4,3,-1],"to":[5,4,0],"rotation":{"angle":45,"axis":"y","origin":[8.5,4.5,2.5]},"faces":{"north":{"uv":[3.5,14.5,4,15],"texture":"#0"},"east":{"uv":[4,14.5,4.5,15],"texture":"#0"},"south":{"uv":[4.5,14.5,5,15],"texture":"#0"},"west":{"uv":[5,14.5,5.5,15],"texture":"#0"},"up":{"uv":[6,15,5.5,14.5],"texture":"#0"},"down":{"uv":[6.5,14.5,6,15],"texture":"#0"}}},{"from":[6.5,3,1.5],"to":[9.5,4,4.5],"rotation":{"angle":-45,"axis":"y","origin":[7.5,4.5,2.5]},"faces":{"north":{"uv":[9,7.5,10.5,8],"texture":"#0"},"east":{"uv":[14,12,15.5,12.5],"texture":"#0"},"south":{"uv":[14,12.5,15.5,13],"texture":"#0"},"west":{"uv":[1.5,14.5,3,15],"texture":"#0"},"up":{"uv":[14.5,7.5,13,6],"texture":"#0"},"down":{"uv":[1.5,13.5,0,15],"texture":"#0"}}},{"from":[10,3,0],"to":[11,4,1],"rotation":{"angle":-45,"axis":"y","origin":[7.5,4.5,2.5]},"faces":{"north":{"uv":[10.5,7.5,11,8],"texture":"#0"},"east":{"uv":[7,12.5,7.5,13],"texture":"#0"},"south":{"uv":[7.5,12.5,8,13],"texture":"#0"},"west":{"uv":[2.5,13.5,3,14],"texture":"#0"},"up":{"uv":[3,14.5,2.5,14],"texture":"#0"},"down":{"uv":[3.5,14.5,3,15],"texture":"#0"}}},{"from":[9,6,6],"to":[11,8,8],"rotation":{"angle":0,"axis":"y","origin":[10,7,6]},"faces":{"north":{"uv":[4,10,5,11],"texture":"#0"},"east":{"uv":[3,11.5,4,12.5],"texture":"#0"},"south":{"uv":[1.5,13.5,2.5,14.5],"texture":"#0"},"west":{"uv":[14,0,15,1],"texture":"#0"},"up":{"uv":[15,2,14,1],"texture":"#0"},"down":{"uv":[15,2,14,3],"texture":"#0"}}},{"from":[5,6,6],"to":[7,8,8],"rotation":{"angle":0,"axis":"y","origin":[6,7,6]},"faces":{"north":{"uv":[14,3,15,4],"texture":"#0"},"east":{"uv":[14,4,15,5],"texture":"#0"},"south":{"uv":[14,5,15,6],"texture":"#0"},"west":{"uv":[14,9,15,10],"texture":"#0"},"up":{"uv":[15,11,14,10],"texture":"#0"},"down":{"uv":[15,11,14,12],"texture":"#0"}}}],"gui_light":"front","display":{"thirdperson_righthand":{"translation":[0,2.75,-2],"scale":[0.75,0.75,0.75]},"thirdperson_lefthand":{"translation":[0,2.75,-2],"scale":[0.75,0.75,0.75]},"firstperson_righthand":{"translation":[0,5.25,1.5],"scale":[0.75,0.75,0.75]},"firstperson_lefthand":{"translation":[0,5.25,1.5],"scale":[0.75,0.75,0.75]},"ground":{"translation":[0,5,0],"scale":[0.75,0.75,0.75]},"gui":{"rotation":[30,145,0],"translation":[0,2,0],"scale":[0.89,0.89,0.89]},"head":{"translation":[0,16.25,-0.5],"scale":[1.76,1.76,1.76]},"fixed":{"rotation":[-90,0,0],"translation":[0,0,-14.5],"scale":[1.81,1.81,1.81]}}}