{"credit":"Made with Blockbench","texture_size":[64,64],"textures":{"0":"customhatsv1:hats/viking_hat_texture","particle":"customhatsv1:hats/viking_hat_texture"},"elements":[{"from":[4,2,4],"to":[12,6,12],"rotation":{"angle":0,"axis":"y","origin":[0,-6,0]},"faces":{"north":{"uv":[2,0,4,1],"texture":"#0"},"east":{"uv":[2,1,4,2],"texture":"#0"},"south":{"uv":[2,2,4,3],"texture":"#0"},"west":{"uv":[2,3,4,4],"texture":"#0"},"up":{"uv":[2,2,0,0],"texture":"#0"},"down":{"uv":[2,2,0,4],"texture":"#0"}}},{"from":[9,2,3],"to":[12,3,4],"rotation":{"angle":0,"axis":"y","origin":[1,-6,0]},"faces":{"north":{"uv":[6.75,2.75,7.5,3],"texture":"#0"},"east":{"uv":[6.25,7,6.5,7.25],"texture":"#0"},"south":{"uv":[3,6.75,3.75,7],"texture":"#0"},"west":{"uv":[6.5,7,6.75,7.25],"texture":"#0"},"up":{"uv":[7.5,3.25,6.75,3],"texture":"#0"},"down":{"uv":[7.5,3.25,6.75,3.5],"texture":"#0"}}},{"from":[7,0,3],"to":[9,6,4],"rotation":{"angle":0,"axis":"y","origin":[1,-6,0]},"faces":{"north":{"uv":[2.5,5,3,6.5],"texture":"#0"},"east":{"uv":[5.5,6.25,5.75,7.75],"texture":"#0"},"south":{"uv":[3,5,3.5,6.5],"texture":"#0"},"west":{"uv":[6.25,5.5,6.5,7],"texture":"#0"},"up":{"uv":[4,4.25,3.5,4],"texture":"#0"},"down":{"uv":[5,2,4.5,2.25],"texture":"#0"}}},{"from":[7,2,12],"to":[9,7,13],"rotation":{"angle":0,"axis":"y","origin":[1,-6,16]},"faces":{"north":{"uv":[5,3,5.5,4.25],"texture":"#0"},"east":{"uv":[0.75,6.75,1,8],"texture":"#0"},"south":{"uv":[3.5,5.25,4,6.5],"texture":"#0"},"west":{"uv":[1,6.75,1.25,8],"texture":"#0"},"up":{"uv":[6,2,5.5,1.75],"texture":"#0"},"down":{"uv":[7.25,6.5,6.75,6.75],"texture":"#0"}}},{"from":[7,6,3],"to":[9,7,12],"rotation":{"angle":0,"axis":"y","origin":[1,-6,0]},"faces":{"north":{"uv":[6.75,6.75,7.25,7],"texture":"#0"},"east":{"uv":[4,5.25,6.25,5.5],"texture":"#0"},"south":{"uv":[7,0.25,7.5,0.5],"texture":"#0"},"west":{"uv":[5.5,0,7.75,0.25],"texture":"#0"},"up":{"uv":[0.5,6.25,0,4],"texture":"#0"},"down":{"uv":[4.5,0,4,2.25],"texture":"#0"}}},{"from":[11.5,2.20711,3],"to":[12.5,3.20711,4],"rotation":{"angle":45,"axis":"z","origin":[12,2.70711,3.5]},"faces":{"north":{"uv":[6.75,7,7,7.25],"texture":"#0"},"east":{"uv":[7,7,7.25,7.25],"texture":"#0"},"south":{"uv":[0,7.25,0.25,7.5],"texture":"#0"},"west":{"uv":[0.25,7.25,0.5,7.5],"texture":"#0"},"up":{"uv":[1.5,7.5,1.25,7.25],"texture":"#0"},"down":{"uv":[1.75,7.25,1.5,7.5],"texture":"#0"}}},{"from":[12,2,4],"to":[13,3,10],"rotation":{"angle":0,"axis":"y","origin":[16,-6,15]},"faces":{"north":{"uv":[1.75,7.25,2,7.5],"texture":"#0"},"east":{"uv":[6.25,1,7.75,1.25],"texture":"#0"},"south":{"uv":[7.25,1.75,7.5,2],"texture":"#0"},"west":{"uv":[6.25,1.25,7.75,1.5],"texture":"#0"},"up":{"uv":[6,7.75,5.75,6.25],"texture":"#0"},"down":{"uv":[6.25,6.25,6,7.75],"texture":"#0"}}},{"from":[12,2.41421,3],"to":[13,3.41421,4],"rotation":{"angle":0,"axis":"y","origin":[16,-5.58579,13]},"faces":{"north":{"uv":[2,7.25,2.25,7.5],"texture":"#0"},"east":{"uv":[7.25,2,7.5,2.25],"texture":"#0"},"south":{"uv":[2.25,7.25,2.5,7.5],"texture":"#0"},"west":{"uv":[7.25,2.25,7.5,2.5],"texture":"#0"},"up":{"uv":[2.75,7.5,2.5,7.25],"texture":"#0"},"down":{"uv":[7.5,2.5,7.25,2.75],"texture":"#0"}}},{"from":[12,2.20711,3.5],"to":[13,3.20711,4.5],"rotation":{"angle":45,"axis":"x","origin":[12.5,2.70711,4]},"faces":{"north":{"uv":[2.75,7.25,3,7.5],"texture":"#0"},"east":{"uv":[3,7.25,3.25,7.5],"texture":"#0"},"south":{"uv":[3.25,7.25,3.5,7.5],"texture":"#0"},"west":{"uv":[3.75,7.25,4,7.5],"texture":"#0"},"up":{"uv":[4.25,7.5,4,7.25],"texture":"#0"},"down":{"uv":[4.5,7.25,4.25,7.5],"texture":"#0"}}},{"from":[4,2,3],"to":[7,3,4],"rotation":{"angle":0,"axis":"y","origin":[15,-6,0]},"faces":{"north":{"uv":[6.75,3.5,7.5,3.75],"texture":"#0"},"east":{"uv":[4.5,7.25,4.75,7.5],"texture":"#0"},"south":{"uv":[6.75,3.75,7.5,4],"texture":"#0"},"west":{"uv":[4.75,7.25,5,7.5],"texture":"#0"},"up":{"uv":[7.5,4.25,6.75,4],"texture":"#0"},"down":{"uv":[7.5,4.25,6.75,4.5],"texture":"#0"}}},{"from":[3,2.41421,3],"to":[4,3.41421,4],"rotation":{"angle":0,"axis":"y","origin":[0,-5.58579,13]},"faces":{"north":{"uv":[5,7.25,5.25,7.5],"texture":"#0"},"east":{"uv":[5.25,7.25,5.5,7.5],"texture":"#0"},"south":{"uv":[6.25,7.25,6.5,7.5],"texture":"#0"},"west":{"uv":[6.5,7.25,6.75,7.5],"texture":"#0"},"up":{"uv":[7.5,6.75,7.25,6.5],"texture":"#0"},"down":{"uv":[7,7.25,6.75,7.5],"texture":"#0"}}},{"from":[3.5,2.20711,3],"to":[4.5,3.20711,4],"rotation":{"angle":-45,"axis":"z","origin":[4,2.70711,3.5]},"faces":{"north":{"uv":[7.25,6.75,7.5,7],"texture":"#0"},"east":{"uv":[7,7.25,7.25,7.5],"texture":"#0"},"south":{"uv":[7.25,7,7.5,7.25],"texture":"#0"},"west":{"uv":[7.25,7.25,7.5,7.5],"texture":"#0"},"up":{"uv":[0.25,7.75,0,7.5],"texture":"#0"},"down":{"uv":[0.5,7.5,0.25,7.75],"texture":"#0"}}},{"from":[3,2.20711,3.5],"to":[4,3.20711,4.5],"rotation":{"angle":45,"axis":"x","origin":[3.5,2.70711,4]},"faces":{"north":{"uv":[7.5,0.25,7.75,0.5],"texture":"#0"},"east":{"uv":[7.5,0.5,7.75,0.75],"texture":"#0"},"south":{"uv":[7.5,0.75,7.75,1],"texture":"#0"},"west":{"uv":[1.25,7.5,1.5,7.75],"texture":"#0"},"up":{"uv":[1.75,7.75,1.5,7.5],"texture":"#0"},"down":{"uv":[2,7.5,1.75,7.75],"texture":"#0"}}},{"from":[3,2,4],"to":[4,3,10],"rotation":{"angle":0,"axis":"y","origin":[0,-6,15]},"faces":{"north":{"uv":[7.5,1.75,7.75,2],"texture":"#0"},"east":{"uv":[6.25,1.5,7.75,1.75],"texture":"#0"},"south":{"uv":[2,7.5,2.25,7.75],"texture":"#0"},"west":{"uv":[2.5,6.5,4,6.75],"texture":"#0"},"up":{"uv":[6.75,7,6.5,5.5],"texture":"#0"},"down":{"uv":[0.75,6.75,0.5,8.25],"texture":"#0"}}},{"from":[2.09882,3.96947,6],"to":[6.09882,7.96947,10],"rotation":{"angle":-22.5,"axis":"z","origin":[1.59882,4.71947,6]},"faces":{"north":{"uv":[0.5,4,1.5,5],"texture":"#0"},"east":{"uv":[1.5,4,2.5,5],"texture":"#0"},"south":{"uv":[4,2.25,5,3.25],"texture":"#0"},"west":{"uv":[2.5,4,3.5,5],"texture":"#0"},"up":{"uv":[5,4.25,4,3.25],"texture":"#0"},"down":{"uv":[4.5,4.25,3.5,5.25],"texture":"#0"}}},{"from":[0.27375,4.70654,6.5],"to":[3.27375,7.70654,9.5],"rotation":{"angle":-45,"axis":"z","origin":[1.77375,5.95654,7.5]},"faces":{"north":{"uv":[5.5,0.25,6.25,1],"texture":"#0"},"east":{"uv":[5.5,1,6.25,1.75],"texture":"#0"},"south":{"uv":[5.5,3,6.25,3.75],"texture":"#0"},"west":{"uv":[5.5,3.75,6.25,4.5],"texture":"#0"},"up":{"uv":[4.75,6.25,4,5.5],"texture":"#0"},"down":{"uv":[6.25,4.5,5.5,5.25],"texture":"#0"}}},{"from":[-0.47094,6.40182,7],"to":[1.52906,10.40182,9],"rotation":{"angle":22.5,"axis":"z","origin":[0.17906,7.90182,7.5]},"faces":{"north":{"uv":[2,6,2.5,7],"texture":"#0"},"east":{"uv":[0,6.25,0.5,7.25],"texture":"#0"},"south":{"uv":[6.25,2.5,6.75,3.5],"texture":"#0"},"west":{"uv":[6.25,3.5,6.75,4.5],"texture":"#0"},"up":{"uv":[1.75,7.25,1.25,6.75],"texture":"#0"},"down":{"uv":[7.25,1.75,6.75,2.25],"texture":"#0"}}},{"from":[9.90118,3.96947,6],"to":[13.90118,7.96947,10],"rotation":{"angle":22.5,"axis":"z","origin":[14.40118,4.71947,6]},"faces":{"north":{"uv":[4.5,0,5.5,1],"texture":"#0"},"east":{"uv":[4.5,1,5.5,2],"texture":"#0"},"south":{"uv":[4.5,4.25,5.5,5.25],"texture":"#0"},"west":{"uv":[0.5,5,1.5,6],"texture":"#0"},"up":{"uv":[2.5,6,1.5,5],"texture":"#0"},"down":{"uv":[6,2,5,3],"texture":"#0"}}},{"from":[12.72625,4.70654,6.5],"to":[15.72625,7.70654,9.5],"rotation":{"angle":45,"axis":"z","origin":[14.22625,5.95654,7.5]},"faces":{"north":{"uv":[4.75,5.5,5.5,6.25],"texture":"#0"},"east":{"uv":[5.5,5.5,6.25,6.25],"texture":"#0"},"south":{"uv":[0.5,6,1.25,6.75],"texture":"#0"},"west":{"uv":[1.25,6,2,6.75],"texture":"#0"},"up":{"uv":[6.75,2.5,6,1.75],"texture":"#0"},"down":{"uv":[7,0.25,6.25,1],"texture":"#0"}}},{"from":[14.47094,6.40182,7],"to":[16.47094,10.40182,9],"rotation":{"angle":-22.5,"axis":"z","origin":[15.82094,7.90182,7.5]},"faces":{"north":{"uv":[4,6.25,4.5,7.25],"texture":"#0"},"east":{"uv":[4.5,6.25,5,7.25],"texture":"#0"},"south":{"uv":[6.25,4.5,6.75,5.5],"texture":"#0"},"west":{"uv":[5,6.25,5.5,7.25],"texture":"#0"},"up":{"uv":[7.25,2.75,6.75,2.25],"texture":"#0"},"down":{"uv":[3,6.75,2.5,7.25],"texture":"#0"}}},{"from":[12,2.20711,11.5],"to":[13,3.20711,12.5],"rotation":{"angle":-45,"axis":"x","origin":[12.5,2.70711,12]},"faces":{"north":{"uv":[7.5,2,7.75,2.25],"texture":"#0"},"east":{"uv":[2.25,7.5,2.5,7.75],"texture":"#0"},"south":{"uv":[7.5,2.25,7.75,2.5],"texture":"#0"},"west":{"uv":[2.5,7.5,2.75,7.75],"texture":"#0"},"up":{"uv":[7.75,2.75,7.5,2.5],"texture":"#0"},"down":{"uv":[3,7.5,2.75,7.75],"texture":"#0"}}},{"from":[12,2,10],"to":[13,3,12],"rotation":{"angle":0,"axis":"y","origin":[16,-6,1]},"faces":{"north":{"uv":[7.5,2.75,7.75,3],"texture":"#0"},"east":{"uv":[7,0.5,7.5,0.75],"texture":"#0"},"south":{"uv":[3,7.5,3.25,7.75],"texture":"#0"},"west":{"uv":[7,0.75,7.5,1],"texture":"#0"},"up":{"uv":[6.25,3,6,2.5],"texture":"#0"},"down":{"uv":[2,6.75,1.75,7.25],"texture":"#0"}}},{"from":[12,2.41421,12],"to":[13,3.41421,13],"rotation":{"angle":0,"axis":"y","origin":[16,-5.58579,3]},"faces":{"north":{"uv":[7.5,3,7.75,3.25],"texture":"#0"},"east":{"uv":[3.25,7.5,3.5,7.75],"texture":"#0"},"south":{"uv":[7.5,3.25,7.75,3.5],"texture":"#0"},"west":{"uv":[3.5,7.5,3.75,7.75],"texture":"#0"},"up":{"uv":[7.75,3.75,7.5,3.5],"texture":"#0"},"down":{"uv":[4,7.5,3.75,7.75],"texture":"#0"}}},{"from":[9,2,12],"to":[12,3,13],"rotation":{"angle":0,"axis":"y","origin":[1,-6,16]},"faces":{"north":{"uv":[6.75,4.5,7.5,4.75],"texture":"#0"},"east":{"uv":[7.5,3.75,7.75,4],"texture":"#0"},"south":{"uv":[6.75,4.75,7.5,5],"texture":"#0"},"west":{"uv":[4,7.5,4.25,7.75],"texture":"#0"},"up":{"uv":[7.5,5.25,6.75,5],"texture":"#0"},"down":{"uv":[7.5,5.25,6.75,5.5],"texture":"#0"}}},{"from":[11.5,2.20711,12],"to":[12.5,3.20711,13],"rotation":{"angle":45,"axis":"z","origin":[12,2.70711,12.5]},"faces":{"north":{"uv":[7.5,4,7.75,4.25],"texture":"#0"},"east":{"uv":[4.25,7.5,4.5,7.75],"texture":"#0"},"south":{"uv":[7.5,4.25,7.75,4.5],"texture":"#0"},"west":{"uv":[4.5,7.5,4.75,7.75],"texture":"#0"},"up":{"uv":[7.75,4.75,7.5,4.5],"texture":"#0"},"down":{"uv":[5,7.5,4.75,7.75],"texture":"#0"}}},{"from":[4,2,12],"to":[7,3,13],"rotation":{"angle":0,"axis":"y","origin":[15,-6,16]},"faces":{"north":{"uv":[6.75,5.5,7.5,5.75],"texture":"#0"},"east":{"uv":[7.5,4.75,7.75,5],"texture":"#0"},"south":{"uv":[6.75,5.75,7.5,6],"texture":"#0"},"west":{"uv":[5,7.5,5.25,7.75],"texture":"#0"},"up":{"uv":[7.5,6.25,6.75,6],"texture":"#0"},"down":{"uv":[7.5,6.25,6.75,6.5],"texture":"#0"}}},{"from":[3.5,2.20711,12],"to":[4.5,3.20711,13],"rotation":{"angle":-45,"axis":"z","origin":[4,2.70711,12.5]},"faces":{"north":{"uv":[7.5,5,7.75,5.25],"texture":"#0"},"east":{"uv":[5.25,7.5,5.5,7.75],"texture":"#0"},"south":{"uv":[7.5,5.25,7.75,5.5],"texture":"#0"},"west":{"uv":[7.5,5.5,7.75,5.75],"texture":"#0"},"up":{"uv":[7.75,6,7.5,5.75],"texture":"#0"},"down":{"uv":[7.75,6,7.5,6.25],"texture":"#0"}}},{"from":[3,2.41421,12],"to":[4,3.41421,13],"rotation":{"angle":0,"axis":"y","origin":[0,-5.58579,3]},"faces":{"north":{"uv":[6.25,7.5,6.5,7.75],"texture":"#0"},"east":{"uv":[7.5,6.25,7.75,6.5],"texture":"#0"},"south":{"uv":[6.5,7.5,6.75,7.75],"texture":"#0"},"west":{"uv":[7.5,6.5,7.75,6.75],"texture":"#0"},"up":{"uv":[7,7.75,6.75,7.5],"texture":"#0"},"down":{"uv":[7.75,6.75,7.5,7],"texture":"#0"}}},{"from":[3,2.20711,11.5],"to":[4,3.20711,12.5],"rotation":{"angle":-45,"axis":"x","origin":[3.5,2.70711,12]},"faces":{"north":{"uv":[7,7.5,7.25,7.75],"texture":"#0"},"east":{"uv":[7.5,7,7.75,7.25],"texture":"#0"},"south":{"uv":[7.25,7.5,7.5,7.75],"texture":"#0"},"west":{"uv":[7.5,7.25,7.75,7.5],"texture":"#0"},"up":{"uv":[7.75,7.75,7.5,7.5],"texture":"#0"},"down":{"uv":[0.25,7.75,0,8],"texture":"#0"}}},{"from":[3,2,10],"to":[4,3,12],"rotation":{"angle":0,"axis":"y","origin":[0,-6,1]},"faces":{"north":{"uv":[7.75,0,8,0.25],"texture":"#0"},"east":{"uv":[2,7,2.5,7.25],"texture":"#0"},"south":{"uv":[0.25,7.75,0.5,8],"texture":"#0"},"west":{"uv":[3,7,3.5,7.25],"texture":"#0"},"up":{"uv":[4,7.25,3.75,6.75],"texture":"#0"},"down":{"uv":[3.75,7,3.5,7.5],"texture":"#0"}}}],"gui_light":"front","display":{"thirdperson_righthand":{"translation":[0,2.25,-2.75],"scale":[0.75,0.75,0.75]},"thirdperson_lefthand":{"translation":[0,2.25,-2.75],"scale":[0.75,0.75,0.75]},"firstperson_righthand":{"translation":[0.5,3,0.25],"scale":[0.75,0.75,0.75]},"firstperson_lefthand":{"translation":[0.5,3,0.25],"scale":[0.75,0.75,0.75]},"ground":{"translation":[0,3.25,0],"scale":[0.75,0.75,0.75]},"gui":{"rotation":[24,160,0],"translation":[0,1.5,0],"scale":[0.84,0.84,0.84]},"head":{"translation":[0,13,0],"scale":[1.83,1.83,1.83]},"fixed":{"rotation":[-90,0,0],"translation":[0,0,-14.5],"scale":[1.81,1.81,1.81]}}}