{
	"credit": "Made by PolygonMC",
	"texture_size": [20, 20],
	"textures": {
		"0": "deceaseset:animation_1",
		"1": "deceaseset:bow",
		"particle": "deceaseset:animation_1"
	},
	"elements": [
		{
			"from": [7.5, 7.5, 6.5],
			"to": [8.5, 8.5, 7.5],
			"rotation": {"angle": 0, "axis": "x", "origin": [8, 8, 7]},
			"faces": {
				"north": {"uv": [12, 11.2, 12.8, 12], "texture": "#1"},
				"east": {"uv": [12, 12, 12.8, 12.8], "texture": "#1"},
				"south": {"uv": [0, 12.8, 0.8, 13.6], "texture": "#1"},
				"west": {"uv": [0.8, 12.8, 1.6, 13.6], "texture": "#1"},
				"up": {"uv": [2.4, 13.6, 1.6, 12.8], "texture": "#1"},
				"down": {"uv": [3.2, 12.8, 2.4, 13.6], "texture": "#1"}
			}
		},
		{
			"from": [7.4, 9.1, 6.5],
			"to": [8.6, 11.1, 8.5],
			"rotation": {"angle": -45, "axis": "x", "origin": [8, 9.6, 7]},
			"faces": {
				"north": {"uv": [4.8, 8, 5.8, 9.6], "texture": "#1"},
				"east": {"uv": [4.8, 4.8, 6.4, 6.4], "texture": "#1"},
				"south": {"uv": [8, 4.8, 9, 6.4], "texture": "#1"},
				"west": {"uv": [4.8, 6.4, 6.4, 8], "texture": "#1"},
				"up": {"uv": [7.4, 9.6, 6.4, 8], "texture": "#1"},
				"down": {"uv": [9, 6.4, 8, 8], "texture": "#1"}
			}
		},
		{
			"from": [7.2, 9.35, 6.75],
			"to": [8.8, 10.85, 8.25],
			"rotation": {"angle": -45, "axis": "x", "origin": [8, 9.6, 7]},
			"faces": {
				"north": {"uv": [8, 8, 9.2, 9.2], "texture": "#1"},
				"east": {"uv": [4.8, 9.6, 6, 10.8], "texture": "#1"},
				"south": {"uv": [9.6, 4.8, 10.8, 6], "texture": "#1"},
				"west": {"uv": [6.4, 9.6, 7.6, 10.8], "texture": "#1"},
				"up": {"uv": [10.8, 7.6, 9.6, 6.4], "texture": "#1"},
				"down": {"uv": [9.2, 9.6, 8, 10.8], "texture": "#1"}
			}
		},
		{
			"from": [7.6, 6.5, 6.6],
			"to": [8.4, 9.5, 7.4],
			"rotation": {"angle": 0, "axis": "x", "origin": [8, 7, 7]},
			"faces": {
				"north": {"uv": [9.6, 8, 10.2, 10.4], "texture": "#1"},
				"east": {"uv": [10.4, 8, 11, 10.4], "texture": "#1"},
				"south": {"uv": [9.6, 10.4, 10.2, 12.8], "texture": "#1"},
				"west": {"uv": [10.4, 10.4, 11, 12.8], "texture": "#1"},
				"up": {"uv": [13.4, 11, 12.8, 10.4], "texture": "#1"},
				"down": {"uv": [11.8, 12.8, 11.2, 13.4], "texture": "#1"}
			}
		},
		{
			"from": [7.41, 11.62066, 5.62531],
			"to": [8.59, 12.80066, 7.39531],
			"rotation": {"angle": -22.5, "axis": "x", "origin": [8.0025, 13.35759, 9.48967]},
			"faces": {
				"north": {"uv": [7.2, 11.2, 8.2, 12.2], "texture": "#1"},
				"east": {"uv": [0, 11.2, 1.4, 12.2], "texture": "#1"},
				"south": {"uv": [11.2, 9.6, 12.2, 10.6], "texture": "#1"},
				"west": {"uv": [1.6, 11.2, 3, 12.2], "texture": "#1"},
				"up": {"uv": [4.2, 12.6, 3.2, 11.2], "texture": "#1"},
				"down": {"uv": [5.8, 11.2, 4.8, 12.6], "texture": "#1"}
			}
		},
		{
			"from": [7.4985, 10.74254, 9.2502],
			"to": [8.5015, 12.15854, 10.2532],
			"rotation": {"angle": 45, "axis": "x", "origin": [8.0025, 13.35759, 9.48967]},
			"faces": {
				"north": {"uv": [8.8, 11.2, 9.6, 12.4], "texture": "#1"},
				"east": {"uv": [11.2, 11.2, 12, 12.4], "texture": "#1"},
				"south": {"uv": [12, 6.4, 12.8, 7.6], "texture": "#1"},
				"west": {"uv": [12, 8, 12.8, 9.2], "texture": "#1"},
				"up": {"uv": [4, 13.6, 3.2, 12.8], "texture": "#1"}
			}
		},
		{
			"from": [7.587, 11.97135, 8.87235],
			"to": [8.413, 13.03335, 9.69835],
			"rotation": {"angle": 22.5, "axis": "x", "origin": [8.0025, 13.35759, 9.48967]},
			"faces": {
				"north": {"uv": [12.8, 8.8, 13.4, 9.6], "texture": "#1"},
				"east": {"uv": [9.6, 12.8, 10.2, 13.6], "texture": "#1"},
				"south": {"uv": [12.8, 9.6, 13.4, 10.4], "texture": "#1"},
				"west": {"uv": [10.4, 12.8, 11, 13.6], "texture": "#1"},
				"up": {"uv": [13.4, 11.8, 12.8, 11.2], "texture": "#1"}
			}
		},
		{
			"from": [7.646, 12.80795, 9.06555],
			"to": [8.354, 13.63395, 9.77355],
			"rotation": {"angle": 45, "axis": "x", "origin": [8.0025, 13.35759, 9.48967]},
			"faces": {
				"north": {"uv": [12, 12.8, 12.6, 13.4], "texture": "#1"},
				"east": {"uv": [12.8, 12, 13.4, 12.6], "texture": "#1"},
				"south": {"uv": [12.8, 12.8, 13.4, 13.4], "texture": "#1"},
				"west": {"uv": [0, 13.6, 0.6, 14.2], "texture": "#1"},
				"up": {"uv": [14.2, 0.6, 13.6, 0], "texture": "#1"}
			}
		},
		{
			"from": [7.705, 13.2357, 9.58269],
			"to": [8.295, 13.8257, 10.40869],
			"rotation": {"angle": -22.5, "axis": "x", "origin": [8.0025, 13.35759, 9.48967]},
			"faces": {
				"east": {"uv": [10.4, 13.6, 11, 14], "texture": "#1"},
				"south": {"uv": [12, 13.6, 12.4, 14], "texture": "#1"},
				"west": {"uv": [13.6, 10.4, 14.2, 10.8], "texture": "#1"},
				"up": {"uv": [11.6, 14.2, 11.2, 13.6], "texture": "#1"},
				"down": {"uv": [14, 11.2, 13.6, 11.8], "texture": "#1"}
			}
		},
		{
			"from": [7.75, 10.70714, 6.00513],
			"to": [8.25, 11.70714, 7.00513],
			"rotation": {"angle": 0, "axis": "x", "origin": [8.0025, 13.35759, 9.48967]},
			"faces": {
				"north": {"uv": [0.8, 13.6, 1.2, 14.4], "texture": "#1"},
				"east": {"uv": [4, 12.8, 4.8, 13.6], "texture": "#1"},
				"south": {"uv": [13.6, 0.8, 14, 1.6], "texture": "#1"},
				"west": {"uv": [4.8, 12.8, 5.6, 13.6], "texture": "#1"},
				"up": {"uv": [2, 14.4, 1.6, 13.6], "texture": "#1"},
				"down": {"uv": [14, 1.6, 13.6, 2.4], "texture": "#1"}
			}
		},
		{
			"from": [7.75, 11.70714, 6.00513],
			"to": [8.25, 12.70714, 8.00513],
			"rotation": {"angle": 0, "axis": "x", "origin": [8.0025, 13.35759, 9.48967]},
			"faces": {
				"north": {"uv": [2.4, 13.6, 2.8, 14.4], "texture": "#1"},
				"east": {"uv": [11.2, 4.8, 12.8, 5.6], "texture": "#1"},
				"south": {"uv": [13.6, 2.4, 14, 3.2], "texture": "#1"},
				"west": {"uv": [11.2, 5.6, 12.8, 6.4], "texture": "#1"},
				"up": {"uv": [13.2, 6.4, 12.8, 4.8], "texture": "#1"},
				"down": {"uv": [6, 12.8, 5.6, 14.4], "texture": "#1"}
			}
		},
		{
			"from": [7.755, 12.40088, 7.48654],
			"to": [8.245, 13.40088, 8.48654],
			"rotation": {"angle": -22.5, "axis": "x", "origin": [8.0025, 13.35759, 9.48967]},
			"faces": {
				"north": {"uv": [3.2, 13.6, 3.6, 14.4], "texture": "#1"},
				"east": {"uv": [12.8, 6.4, 13.6, 7.2], "texture": "#1"},
				"south": {"uv": [4, 13.6, 4.4, 14.4], "texture": "#1"},
				"west": {"uv": [7.2, 12.8, 8, 13.6], "texture": "#1"},
				"up": {"uv": [5.2, 14.4, 4.8, 13.6], "texture": "#1"},
				"down": {"uv": [14, 4.8, 13.6, 5.6], "texture": "#1"}
			}
		},
		{
			"from": [7.755, 13.8555, 11.79937],
			"to": [8.245, 14.8555, 12.79937],
			"rotation": {"angle": -22.5, "axis": "x", "origin": [8.0025, 13.35759, 9.48967]},
			"faces": {
				"north": {"uv": [13.6, 5.6, 14, 6.4], "texture": "#1"},
				"east": {"uv": [12.8, 7.2, 13.6, 8], "texture": "#1"},
				"south": {"uv": [13.6, 6.4, 14, 7.2], "texture": "#1"},
				"west": {"uv": [8, 12.8, 8.8, 13.6], "texture": "#1"},
				"up": {"uv": [7.6, 14.4, 7.2, 13.6], "texture": "#1"},
				"down": {"uv": [14, 7.2, 13.6, 8], "texture": "#1"}
			}
		},
		{
			"from": [7.75, 15.00804, 11.97422],
			"to": [8.25, 16.00804, 12.97422],
			"rotation": {"angle": 0, "axis": "x", "origin": [7.9975, 13.35759, 9.48967]},
			"faces": {
				"north": {"uv": [8, 13.6, 8.4, 14.4], "texture": "#1"},
				"east": {"uv": [12.8, 8, 13.6, 8.8], "texture": "#1"},
				"south": {"uv": [13.6, 8, 14, 8.8], "texture": "#1"},
				"west": {"uv": [8.8, 12.8, 9.6, 13.6], "texture": "#1"},
				"up": {"uv": [9.2, 14.4, 8.8, 13.6], "texture": "#1"},
				"down": {"uv": [14, 8.8, 13.6, 9.6], "texture": "#1"}
			}
		},
		{
			"from": [7.76, 12.0647, 8.98968],
			"to": [8.24, 16.0647, 9.98968],
			"rotation": {"angle": 45, "axis": "x", "origin": [8.0025, 13.35759, 9.48967]},
			"faces": {
				"north": {"uv": [6.4, 11.2, 6.8, 14.4], "texture": "#1"},
				"east": {"uv": [6.4, 4.8, 7.2, 8], "texture": "#1"},
				"south": {"uv": [11.2, 6.4, 11.6, 9.6], "texture": "#1"},
				"west": {"uv": [7.2, 4.8, 8, 8], "texture": "#1"},
				"up": {"uv": [10, 14.4, 9.6, 13.6], "texture": "#1"},
				"down": {"uv": [14, 9.6, 13.6, 10.4], "texture": "#1"}
			}
		},
		{
			"from": [8, 13.69427, 3.61061],
			"to": [8, 17.69427, 14.61061],
			"rotation": {"angle": -45, "axis": "x", "origin": [8, 15.09427, 10.11061]},
			"faces": {
				"north": {"uv": [0, 0, 0, 3.2], "texture": "#1"},
				"east": {"uv": [13.6, 0, 4.8, 3.2], "texture": "#1"},
				"south": {"uv": [0, 0, 0, 3.2], "texture": "#1"},
				"west": {"uv": [4.8, 0, 13.6, 3.2], "texture": "#1"},
				"up": {"uv": [0, 8.8, 0, 0], "texture": "#1"},
				"down": {"uv": [0, 0, 0, 8.8], "texture": "#1"}
			}
		},
		{
			"from": [7.4, 4.9, 6.5],
			"to": [8.6, 6.9, 8.5],
			"rotation": {"angle": 45, "axis": "x", "origin": [8, 6.4, 7]},
			"faces": {
				"north": {"uv": [4.8, 9.6, 5.8, 8], "texture": "#1"},
				"east": {"uv": [4.8, 6.4, 6.4, 4.8], "texture": "#1"},
				"south": {"uv": [8, 6.4, 9, 4.8], "texture": "#1"},
				"west": {"uv": [4.8, 8, 6.4, 6.4], "texture": "#1"},
				"up": {"uv": [9, 8, 8, 6.4], "texture": "#1"},
				"down": {"uv": [7.4, 8, 6.4, 9.6], "texture": "#1"}
			}
		},
		{
			"from": [7.2, 5.15, 6.75],
			"to": [8.8, 6.65, 8.25],
			"rotation": {"angle": 45, "axis": "x", "origin": [8, 6.4, 7]},
			"faces": {
				"north": {"uv": [8, 9.2, 9.2, 8], "texture": "#1"},
				"east": {"uv": [4.8, 10.8, 6, 9.6], "texture": "#1"},
				"south": {"uv": [9.6, 6, 10.8, 4.8], "texture": "#1"},
				"west": {"uv": [6.4, 10.8, 7.6, 9.6], "texture": "#1"},
				"up": {"uv": [9.2, 10.8, 8, 9.6], "texture": "#1"},
				"down": {"uv": [10.8, 6.4, 9.6, 7.6], "texture": "#1"}
			}
		},
		{
			"from": [7.41, 3.19934, 5.62531],
			"to": [8.59, 4.37934, 7.39531],
			"rotation": {"angle": 22.5, "axis": "x", "origin": [8.0025, 2.64241, 9.48967]},
			"faces": {
				"north": {"uv": [7.2, 12.2, 8.2, 11.2], "texture": "#1"},
				"east": {"uv": [0, 12.2, 1.4, 11.2], "texture": "#1"},
				"south": {"uv": [11.2, 10.6, 12.2, 9.6], "texture": "#1"},
				"west": {"uv": [1.6, 12.2, 3, 11.2], "texture": "#1"},
				"up": {"uv": [5.8, 12.6, 4.8, 11.2], "texture": "#1"},
				"down": {"uv": [4.2, 11.2, 3.2, 12.6], "texture": "#1"}
			}
		},
		{
			"from": [7.4985, 3.84146, 9.2502],
			"to": [8.5015, 5.25746, 10.2532],
			"rotation": {"angle": -45, "axis": "x", "origin": [8.0025, 2.64241, 9.48967]},
			"faces": {
				"north": {"uv": [8.8, 12.4, 9.6, 11.2], "texture": "#1"},
				"east": {"uv": [11.2, 12.4, 12, 11.2], "texture": "#1"},
				"south": {"uv": [12, 7.6, 12.8, 6.4], "texture": "#1"},
				"west": {"uv": [12, 9.2, 12.8, 8], "texture": "#1"},
				"down": {"uv": [4, 12.8, 3.2, 13.6], "texture": "#1"}
			}
		},
		{
			"from": [7.587, 2.96665, 8.87235],
			"to": [8.413, 4.02865, 9.69835],
			"rotation": {"angle": -22.5, "axis": "x", "origin": [8.0025, 2.64241, 9.48967]},
			"faces": {
				"north": {"uv": [12.8, 9.6, 13.4, 8.8], "texture": "#1"},
				"east": {"uv": [9.6, 13.6, 10.2, 12.8], "texture": "#1"},
				"south": {"uv": [12.8, 10.4, 13.4, 9.6], "texture": "#1"},
				"west": {"uv": [10.4, 13.6, 11, 12.8], "texture": "#1"},
				"down": {"uv": [13.4, 11.2, 12.8, 11.8], "texture": "#1"}
			}
		},
		{
			"from": [7.646, 2.36605, 9.06555],
			"to": [8.354, 3.19205, 9.77355],
			"rotation": {"angle": -45, "axis": "x", "origin": [8.0025, 2.64241, 9.48967]},
			"faces": {
				"north": {"uv": [12, 13.4, 12.6, 12.8], "texture": "#1"},
				"east": {"uv": [12.8, 12.6, 13.4, 12], "texture": "#1"},
				"south": {"uv": [12.8, 13.4, 13.4, 12.8], "texture": "#1"},
				"west": {"uv": [0, 14.2, 0.6, 13.6], "texture": "#1"},
				"down": {"uv": [14.2, 0, 13.6, 0.6], "texture": "#1"}
			}
		},
		{
			"from": [7.705, 2.1743, 9.58269],
			"to": [8.295, 2.7643, 10.40869],
			"rotation": {"angle": 22.5, "axis": "x", "origin": [8.0025, 2.64241, 9.48967]},
			"faces": {
				"east": {"uv": [10.4, 14, 11, 13.6], "texture": "#1"},
				"south": {"uv": [12, 14, 12.4, 13.6], "texture": "#1"},
				"west": {"uv": [13.6, 10.8, 14.2, 10.4], "texture": "#1"},
				"up": {"uv": [14, 11.8, 13.6, 11.2], "texture": "#1"},
				"down": {"uv": [11.6, 13.6, 11.2, 14.2], "texture": "#1"}
			}
		},
		{
			"from": [7.75, 4.29286, 6.00513],
			"to": [8.25, 5.29286, 7.00513],
			"rotation": {"angle": 0, "axis": "x", "origin": [8.0025, 2.64241, 9.48967]},
			"faces": {
				"north": {"uv": [0.8, 14.4, 1.2, 13.6], "texture": "#1"},
				"east": {"uv": [4, 13.6, 4.8, 12.8], "texture": "#1"},
				"south": {"uv": [13.6, 1.6, 14, 0.8], "texture": "#1"},
				"west": {"uv": [4.8, 13.6, 5.6, 12.8], "texture": "#1"},
				"up": {"uv": [14, 2.4, 13.6, 1.6], "texture": "#1"},
				"down": {"uv": [2, 13.6, 1.6, 14.4], "texture": "#1"}
			}
		},
		{
			"from": [7.75, 3.29286, 6.00513],
			"to": [8.25, 4.29286, 8.00513],
			"rotation": {"angle": 0, "axis": "x", "origin": [8.0025, 2.64241, 9.48967]},
			"faces": {
				"north": {"uv": [2.4, 14.4, 2.8, 13.6], "texture": "#1"},
				"east": {"uv": [11.2, 5.6, 12.8, 4.8], "texture": "#1"},
				"south": {"uv": [13.6, 3.2, 14, 2.4], "texture": "#1"},
				"west": {"uv": [11.2, 6.4, 12.8, 5.6], "texture": "#1"},
				"up": {"uv": [6, 14.4, 5.6, 12.8], "texture": "#1"},
				"down": {"uv": [13.2, 4.8, 12.8, 6.4], "texture": "#1"}
			}
		},
		{
			"from": [7.755, 2.59912, 7.48654],
			"to": [8.245, 3.59912, 8.48654],
			"rotation": {"angle": 22.5, "axis": "x", "origin": [8.0025, 2.64241, 9.48967]},
			"faces": {
				"north": {"uv": [3.2, 14.4, 3.6, 13.6], "texture": "#1"},
				"east": {"uv": [12.8, 7.2, 13.6, 6.4], "texture": "#1"},
				"south": {"uv": [4, 14.4, 4.4, 13.6], "texture": "#1"},
				"west": {"uv": [7.2, 13.6, 8, 12.8], "texture": "#1"},
				"up": {"uv": [14, 5.6, 13.6, 4.8], "texture": "#1"},
				"down": {"uv": [5.2, 13.6, 4.8, 14.4], "texture": "#1"}
			}
		},
		{
			"from": [7.755, 1.1445, 11.79937],
			"to": [8.245, 2.1445, 12.79937],
			"rotation": {"angle": 22.5, "axis": "x", "origin": [8.0025, 2.64241, 9.48967]},
			"faces": {
				"north": {"uv": [13.6, 6.4, 14, 5.6], "texture": "#1"},
				"east": {"uv": [12.8, 8, 13.6, 7.2], "texture": "#1"},
				"south": {"uv": [13.6, 7.2, 14, 6.4], "texture": "#1"},
				"west": {"uv": [8, 13.6, 8.8, 12.8], "texture": "#1"},
				"up": {"uv": [14, 8, 13.6, 7.2], "texture": "#1"},
				"down": {"uv": [7.6, 13.6, 7.2, 14.4], "texture": "#1"}
			}
		},
		{
			"from": [7.75, -0.00804, 11.97422],
			"to": [8.25, 0.99196, 12.97422],
			"rotation": {"angle": 0, "axis": "x", "origin": [7.9975, 2.64241, 9.48967]},
			"faces": {
				"north": {"uv": [8, 14.4, 8.4, 13.6], "texture": "#1"},
				"east": {"uv": [12.8, 8.8, 13.6, 8], "texture": "#1"},
				"south": {"uv": [13.6, 8.8, 14, 8], "texture": "#1"},
				"west": {"uv": [8.8, 13.6, 9.6, 12.8], "texture": "#1"},
				"up": {"uv": [14, 9.6, 13.6, 8.8], "texture": "#1"},
				"down": {"uv": [9.2, 13.6, 8.8, 14.4], "texture": "#1"}
			}
		},
		{
			"from": [7.76, -0.0647, 8.98968],
			"to": [8.24, 3.9353, 9.98968],
			"rotation": {"angle": -45, "axis": "x", "origin": [8.0025, 2.64241, 9.48967]},
			"faces": {
				"north": {"uv": [6.4, 14.4, 6.8, 11.2], "texture": "#1"},
				"east": {"uv": [6.4, 8, 7.2, 4.8], "texture": "#1"},
				"south": {"uv": [11.2, 9.6, 11.6, 6.4], "texture": "#1"},
				"west": {"uv": [7.2, 8, 8, 4.8], "texture": "#1"},
				"up": {"uv": [14, 10.4, 13.6, 9.6], "texture": "#1"},
				"down": {"uv": [10, 13.6, 9.6, 14.4], "texture": "#1"}
			}
		},
		{
			"from": [8, -1.69427, 3.61061],
			"to": [8, 2.30573, 14.61061],
			"rotation": {"angle": 45, "axis": "x", "origin": [8, 0.90573, 10.11061]},
			"faces": {
				"north": {"uv": [0, 3.2, 0, 0], "texture": "#1"},
				"east": {"uv": [13.6, 3.2, 4.8, 0], "texture": "#1"},
				"south": {"uv": [0, 3.2, 0, 0], "texture": "#1"},
				"west": {"uv": [4.8, 3.2, 13.6, 0], "texture": "#1"},
				"up": {"uv": [0, 8.8, 0, 0], "texture": "#1"},
				"down": {"uv": [0, 0, 0, 8.8], "texture": "#1"}
			}
		},
		{
			"from": [8, 0.95, 12.45],
			"to": [8, 15.05, 17.75],
			"faces": {
				"north": {"uv": [0, 0, 0, 11.2], "texture": "#1"},
				"east": {"uv": [4.2, 0, 0, 11.2], "texture": "#1"},
				"south": {"uv": [0, 0, 0, 11.2], "texture": "#1"},
				"west": {"uv": [0, 0, 4.2, 11.2], "texture": "#1"},
				"up": {"uv": [0, 4.2, 0, 0], "texture": "#1"},
				"down": {"uv": [0, 0, 0, 4.2], "texture": "#1"}
			}
		},
		{
			"from": [8, 7, -0.35],
			"to": [8, 9, 12.55],
			"rotation": {"angle": -45, "axis": "z", "origin": [8, 8, 6.1]},
			"faces": {
				"north": {"uv": [0, 0, 0, 1.6], "texture": "#1"},
				"east": {"uv": [4.8, 4.8, 15.2, 3.2], "rotation": 180, "texture": "#1"},
				"south": {"uv": [0, 0, 0, 1.6], "texture": "#1"},
				"west": {"uv": [4.8, 3.2, 15.2, 4.8], "texture": "#1"},
				"up": {"uv": [0, 10.4, 0, 0], "texture": "#1"},
				"down": {"uv": [0, 0, 0, 10.4], "texture": "#1"}
			}
		},
		{
			"from": [8, 7, -0.35],
			"to": [8, 9, 12.55],
			"rotation": {"angle": 45, "axis": "z", "origin": [8, 8, 6.1]},
			"faces": {
				"north": {"uv": [0, 0, 0, 1.6], "texture": "#1"},
				"east": {"uv": [4.8, 4.8, 15.2, 3.2], "rotation": 180, "texture": "#1"},
				"south": {"uv": [0, 0, 0, 1.6], "texture": "#1"},
				"west": {"uv": [4.8, 3.2, 15.2, 4.8], "texture": "#1"},
				"up": {"uv": [0, 10.4, 0, 0], "texture": "#1"},
				"down": {"uv": [0, 0, 0, 10.4], "texture": "#1"}
			}
		},
		{
			"from": [4.5, 4.5, 2.3],
			"to": [11.5, 11.5, 2.3],
			"rotation": {"angle": 0, "axis": "y", "origin": [8, 11.5, 0]},
			"faces": {
				"north": {"uv": [0, 0, 14, 14], "texture": "#0"},
				"east": {"uv": [0, 0, 0, 14], "texture": "#0"},
				"south": {"uv": [14, 0, 0, 14], "texture": "#0"},
				"west": {"uv": [0, 0, 0, 14], "texture": "#0"},
				"up": {"uv": [0, 14, 0, 0], "rotation": 90, "texture": "#0"},
				"down": {"uv": [0, 0, 0, 14], "rotation": 270, "texture": "#0"}
			}
		}
	],
	"gui_light": "front",
	"display": {
		"thirdperson_righthand": {
			"translation": [0, -2, 1.5]
		},
		"thirdperson_lefthand": {
			"translation": [0, -2, 1.5]
		},
		"firstperson_righthand": {
			"rotation": [20, 20, 0],
			"translation": [0, 3, -0.25]
		},
		"firstperson_lefthand": {
			"rotation": [20, -20, 0],
			"translation": [1.5, 2.75, -0.25]
		},
		"ground": {
			"rotation": [45, 0, 0],
			"translation": [0, 9.5, 0]
		},
		"gui": {
			"rotation": [90, -45, 90],
			"translation": [2, 2, 0],
			"scale": [1.00195, 1.00195, 1.00195]
		},
		"head": {
			"rotation": [90, 45, 90],
			"translation": [1.25, 0, 0],
			"scale": [1.5, 1.5, 1.5]
		},
		"fixed": {
			"rotation": [0, -90, 0],
			"translation": [0, 1.25, -1.5],
			"scale": [2.3, 2.3, 2.3]
		}
	}
}