{"credit":"MadebyPolygonMC","texture_size":[20,20],"textures":{"0":"deceaseset:animation_1","2":"deceaseset:fishing_rod","particle":"deceaseset:animation_1"},"elements":[{"from":[7.44,-0.06,7.44],"to":[8.56,1.06,8.56],"rotation":{"angle":-45,"axis":"x","origin":[8,0.5,8]},"faces":{"north":{"uv":[12,11.2,12.8,12],"texture":"#2"},"east":{"uv":[12,12,12.8,12.8],"texture":"#2"},"south":{"uv":[0,12.8,0.8,13.6],"texture":"#2"},"west":{"uv":[0.8,12.8,1.6,13.6],"texture":"#2"},"up":{"uv":[2.4,13.6,1.6,12.8],"texture":"#2"},"down":{"uv":[13.6,1.6,12.8,2.4],"texture":"#2"}}},{"from":[7.5,0.7,7.5],"to":[8.5,1.7,8.5],"rotation":{"angle":0,"axis":"x","origin":[8,1.2,8]},"faces":{"north":{"uv":[2.4,12.8,3.2,13.6],"texture":"#2"},"east":{"uv":[12.8,2.4,13.6,3.2],"texture":"#2"},"south":{"uv":[12.8,3.2,13.6,4],"texture":"#2"},"west":{"uv":[4,12.8,4.8,13.6],"texture":"#2"},"up":{"uv":[13.6,4.8,12.8,4],"texture":"#2"},"down":{"uv":[5.6,12.8,4.8,13.6],"texture":"#2"}}},{"from":[7.5,4.7,7.5],"to":[8.5,5.7,8.5],"rotation":{"angle":0,"axis":"x","origin":[8,1.2,8]},"faces":{"north":{"uv":[12.8,4.8,13.6,5.6],"texture":"#2"},"east":{"uv":[5.6,12.8,6.4,13.6],"texture":"#2"},"south":{"uv":[12.8,5.6,13.6,6.4],"texture":"#2"},"west":{"uv":[6.4,12.8,7.2,13.6],"texture":"#2"},"up":{"uv":[8,13.6,7.2,12.8],"texture":"#2"},"down":{"uv":[13.6,7.2,12.8,8],"texture":"#2"}}},{"from":[7.5,13.4,7.5],"to":[8.5,14.4,8.5],"rotation":{"angle":0,"axis":"x","origin":[8,3.9,8]},"faces":{"north":{"uv":[12.8,8,13.6,8.8],"texture":"#2"},"east":{"uv":[8.8,12.8,9.6,13.6],"texture":"#2"},"south":{"uv":[12.8,8.8,13.6,9.6],"texture":"#2"},"west":{"uv":[9.6,12.8,10.4,13.6],"texture":"#2"},"up":{"uv":[13.6,10.4,12.8,9.6],"texture":"#2"},"down":{"uv":[11.2,12.8,10.4,13.6],"texture":"#2"}}},{"from":[7.5,7.4,7.5],"to":[8.5,8.4,8.5],"rotation":{"angle":0,"axis":"x","origin":[8,-2.1,8]},"faces":{"north":{"uv":[0,13.6,0.8,14.4],"texture":"#2"},"east":{"uv":[13.6,0,14.4,0.8],"texture":"#2"},"south":{"uv":[0.8,13.6,1.6,14.4],"texture":"#2"},"west":{"uv":[13.6,0.8,14.4,1.6],"texture":"#2"},"up":{"uv":[2.4,14.4,1.6,13.6],"texture":"#2"},"down":{"uv":[14.4,1.6,13.6,2.4],"texture":"#2"}}},{"from":[7.5,2.7,7.5],"to":[8.5,3.7,8.5],"rotation":{"angle":0,"axis":"x","origin":[8,3.2,8]},"faces":{"north":{"uv":[12.8,10.4,13.6,11.2],"texture":"#2"},"east":{"uv":[11.2,12.8,12,13.6],"texture":"#2"},"south":{"uv":[12.8,11.2,13.6,12],"texture":"#2"},"west":{"uv":[12,12.8,12.8,13.6],"texture":"#2"},"up":{"uv":[13.6,12.8,12.8,12],"texture":"#2"},"down":{"uv":[13.6,12.8,12.8,13.6],"texture":"#2"}}},{"from":[7.4,4.18341,10.34531],"to":[8.6,6.18341,12.34531],"rotation":{"angle":-45,"axis":"x","origin":[8,1.83809,8]},"faces":{"north":{"uv":[7.2,5.6,8.2,7.2],"texture":"#2"},"east":{"uv":[7.2,4,8.8,5.6],"texture":"#2"},"south":{"uv":[7.2,7.2,8.2,8.8],"texture":"#2"},"west":{"uv":[5.6,7.2,7.2,8.8],"texture":"#2"},"up":{"uv":[9.8,1.6,8.8,0],"texture":"#2"},"down":{"uv":[9.8,1.6,8.8,3.2],"texture":"#2"}}},{"from":[7.2,5.81908,7.24999],"to":[8.8,7.31908,8.74999],"rotation":{"angle":45,"axis":"x","origin":[8,6.56908,7.99999]},"faces":{"north":{"uv":[7.2,8.8,8.4,10],"texture":"#2"},"east":{"uv":[8.8,8,10,9.2],"texture":"#2"},"south":{"uv":[0,9.6,1.2,10.8],"texture":"#2"},"west":{"uv":[1.6,9.6,2.8,10.8],"texture":"#2"},"up":{"uv":[10,10.8,8.8,9.6],"texture":"#2"},"down":{"uv":[11.6,0,10.4,1.2],"texture":"#2"}}},{"from":[7.6,1.7,7.6],"to":[8.4,4.7,8.4],"rotation":{"angle":0,"axis":"x","origin":[8,2.2,8]},"faces":{"north":{"uv":[3.2,9.6,3.8,12],"texture":"#2"},"east":{"uv":[10.4,1.6,11,4],"texture":"#2"},"south":{"uv":[10.4,4,11,6.4],"texture":"#2"},"west":{"uv":[5.6,10.4,6.2,12.8],"texture":"#2"},"up":{"uv":[14.2,7,13.6,6.4],"texture":"#2"},"down":{"uv":[7.8,13.6,7.2,14.2],"texture":"#2"}}},{"from":[8,-1.1,6],"to":[8,0.9,10],"rotation":{"angle":0,"axis":"y","origin":[8,-0.5,6]},"faces":{"north":{"uv":[0,0,0,1.6],"texture":"#2"},"east":{"uv":[4,0,7.2,1.6],"texture":"#2"},"south":{"uv":[0,0,0,1.6],"texture":"#2"},"west":{"uv":[4,1.6,7.2,3.2],"texture":"#2"},"up":{"uv":[0,3.2,0,0],"texture":"#2"},"down":{"uv":[0,0,0,3.2],"texture":"#2"}}},{"from":[7.4,8.4,7.4],"to":[8.6,13.4,8.6],"rotation":{"angle":0,"axis":"y","origin":[7,6.1,7]},"faces":{"north":{"uv":[4,3.2,5,7.2],"texture":"#2"},"east":{"uv":[5.6,3.2,6.6,7.2],"texture":"#2"},"south":{"uv":[7.2,0,8.2,4],"texture":"#2"},"west":{"uv":[4,7.2,5,11.2],"texture":"#2"},"up":{"uv":[5,12.2,4,11.2],"texture":"#2"},"down":{"uv":[12.2,4.8,11.2,5.8],"texture":"#2"}}},{"from":[7.4,14.075,7.025],"to":[8.6,16.075,8.225],"rotation":{"angle":-22.5,"axis":"x","origin":[8,15.075,7.625]},"faces":{"north":{"uv":[8.8,3.2,9.8,4.8],"texture":"#2"},"east":{"uv":[8.8,4.8,9.8,6.4],"texture":"#2"},"south":{"uv":[5.6,8.8,6.6,10.4],"texture":"#2"},"west":{"uv":[8.8,6.4,9.8,8],"texture":"#2"},"up":{"uv":[9.8,12.2,8.8,11.2],"texture":"#2"},"down":{"uv":[11.4,11.2,10.4,12.2],"texture":"#2"}}},{"from":[7.5,15.77276,5.98463],"to":[8.5,17.77276,6.98463],"rotation":{"angle":-45,"axis":"x","origin":[8,16.92276,6.85963]},"faces":{"north":{"uv":[8,10.4,8.8,12],"texture":"#2"},"east":{"uv":[0,11.2,0.8,12.8],"texture":"#2"},"south":{"uv":[0.8,11.2,1.6,12.8],"texture":"#2"},"west":{"uv":[1.6,11.2,2.4,12.8],"texture":"#2"},"up":{"uv":[3.2,14.4,2.4,13.6],"texture":"#2"}}},{"from":[7.6,17.19074,4.38632],"to":[8.4,17.99074,6.38632],"rotation":{"angle":22.5,"axis":"x","origin":[8,17.96574,5.28632]},"faces":{"north":{"uv":[13.6,7.2,14.2,7.8],"texture":"#2"},"east":{"uv":[6.4,12,8,12.6],"texture":"#2"},"west":{"uv":[12,6.4,13.6,7],"texture":"#2"},"up":{"uv":[12.6,8.8,12,7.2],"texture":"#2"},"down":{"uv":[8.6,12,8,13.6],"texture":"#2"}}},{"from":[7.705,10.16704,10.08544],"to":[8.295,10.99304,10.67544],"rotation":{"angle":0,"axis":"x","origin":[8,8.88104,9.61497]},"faces":{"north":{"uv":[9.2,14.2,8.8,13.6],"rotation":180,"texture":"#2"},"east":{"uv":[8,13.6,8.6,14],"rotation":90,"texture":"#2"},"south":{"uv":[14,8.8,13.6,9.4],"texture":"#2"},"west":{"uv":[13.6,8,14.2,8.4],"rotation":270,"texture":"#2"},"up":{"uv":[9.6,13.6,10,14],"texture":"#2"}}},{"from":[7.646,9.66027,9.42184],"to":[8.354,10.48627,10.12984],"rotation":{"angle":22.5,"axis":"x","origin":[8,8.88104,9.61497]},"faces":{"north":{"uv":[14.2,6.2,13.6,5.6],"rotation":180,"texture":"#2"},"east":{"uv":[4.8,13.6,5.4,14.2],"rotation":90,"texture":"#2"},"south":{"uv":[7,13.6,6.4,14.2],"texture":"#2"},"west":{"uv":[5.6,13.6,6.2,14.2],"rotation":270,"texture":"#2"},"up":{"uv":[13.6,4.8,14.2,5.4],"texture":"#2"}}},{"from":[7.587,8.68842,9.49118],"to":[8.413,9.51442,10.55318],"rotation":{"angle":-45,"axis":"x","origin":[8,8.88104,9.61497]},"faces":{"east":{"uv":[13.6,2.4,14.4,3],"texture":"#2"},"south":{"uv":[13.6,4,14.2,4.6],"texture":"#2"},"west":{"uv":[3.2,13.6,4,14.2],"texture":"#2"},"up":{"uv":[14.2,4,13.6,3.2],"texture":"#2"},"down":{"uv":[4.6,13.6,4,14.4],"texture":"#2"}}},{"from":[7.4985,7.59486,8.9422],"to":[8.5015,9.01086,9.9452],"rotation":{"angle":22.5,"axis":"x","origin":[8,8.88104,9.61497]},"faces":{"north":{"uv":[3.2,12.4,2.4,11.2],"rotation":180,"texture":"#2"},"east":{"uv":[12,0,13.2,0.8],"rotation":90,"texture":"#2"},"south":{"uv":[4,12,3.2,13.2],"texture":"#2"},"west":{"uv":[12,0.8,13.2,1.6],"rotation":270,"texture":"#2"},"up":{"uv":[12,10.4,12.8,11.2],"texture":"#2"}}},{"from":[7.41,6.20966,8.47042],"to":[8.59,7.97966,9.65042],"rotation":{"angle":0,"axis":"x","origin":[8,8.88104,9.61497]},"faces":{"north":{"uv":[11.4,9.4,10.4,8],"rotation":180,"texture":"#2"},"east":{"uv":[6.4,10.4,7.8,11.4],"rotation":90,"texture":"#2"},"south":{"uv":[11.4,9.6,10.4,11],"texture":"#2"},"west":{"uv":[10.4,6.4,11.8,7.4],"rotation":270,"texture":"#2"},"up":{"uv":[11.2,3.2,12.2,4.2],"texture":"#2"},"down":{"uv":[11.2,1.6,12.2,2.6],"rotation":180,"texture":"#2"}}},{"from":[8,6,2.6],"to":[8,18,7.6],"rotation":{"angle":0,"axis":"x","origin":[8,0,0]},"faces":{"north":{"uv":[0,0,0,9.6],"texture":"#2"},"east":{"uv":[4,0,0,9.6],"texture":"#2"},"south":{"uv":[0,0,0,9.6],"texture":"#2"},"west":{"uv":[0,0,4,9.6],"texture":"#2"},"up":{"uv":[0,4,0,0],"texture":"#2"},"down":{"uv":[0,0,0,4],"texture":"#2"}}},{"from":[7.5,9.15,6.1],"to":[8.5,9.15,7.6],"rotation":{"angle":0,"axis":"x","origin":[7.5,0,0]},"faces":{"north":{"uv":[0,0,0.8,0],"texture":"#2"},"east":{"uv":[0,0,1.2,0],"texture":"#2"},"south":{"uv":[0,0,0.8,0],"texture":"#2"},"west":{"uv":[0,0,1.2,0],"texture":"#2"},"up":{"uv":[12.8,10,12,8.8],"texture":"#2"},"down":{"uv":[12.8,8.8,12,10],"texture":"#2"}}},{"from":[7.5,11.15,6.1],"to":[8.5,11.15,7.6],"rotation":{"angle":0,"axis":"x","origin":[7.5,0,0]},"faces":{"north":{"uv":[0,0,0.8,0],"texture":"#2"},"east":{"uv":[0,0,1.2,0],"texture":"#2"},"south":{"uv":[0,0,0.8,0],"texture":"#2"},"west":{"uv":[0,0,1.2,0],"texture":"#2"},"up":{"uv":[12.8,10,12,8.8],"texture":"#2"},"down":{"uv":[12.8,8.8,12,10],"texture":"#2"}}},{"from":[7.5,13.15,6.1],"to":[8.5,13.15,7.6],"rotation":{"angle":0,"axis":"x","origin":[7.5,0,0]},"faces":{"north":{"uv":[0,0,0.8,0],"texture":"#2"},"east":{"uv":[0,0,1.2,0],"texture":"#2"},"south":{"uv":[0,0,0.8,0],"texture":"#2"},"west":{"uv":[0,0,1.2,0],"texture":"#2"},"up":{"uv":[12.8,10,12,8.8],"texture":"#2"},"down":{"uv":[12.8,8.8,12,10],"texture":"#2"}}},{"from":[7.5,14.825,5.875],"to":[8.5,14.825,7.375],"rotation":{"angle":-22.5,"axis":"x","origin":[8,14.65,6.6]},"faces":{"north":{"uv":[0,0,0.8,0],"texture":"#2"},"east":{"uv":[0,0,1.2,0],"texture":"#2"},"south":{"uv":[0,0,0.8,0],"texture":"#2"},"west":{"uv":[0,0,1.2,0],"texture":"#2"},"up":{"uv":[12.8,10,12,8.8],"texture":"#2"},"down":{"uv":[12.8,8.8,12,10],"texture":"#2"}}},{"from":[7.5,16.20832,4.68294],"to":[8.5,16.20832,6.18294],"rotation":{"angle":-45,"axis":"x","origin":[8,16.60832,5.38294]},"faces":{"north":{"uv":[0,0,0.8,0],"texture":"#2"},"east":{"uv":[0,0,1.2,0],"texture":"#2"},"south":{"uv":[0,0,0.8,0],"texture":"#2"},"west":{"uv":[0,0,1.2,0],"texture":"#2"},"up":{"uv":[12.8,10,12,8.8],"texture":"#2"},"down":{"uv":[12.8,8.8,12,10],"texture":"#2"}}},{"from":[7.5,16.42223,4.46548],"to":[8.5,17.92223,4.46548],"rotation":{"angle":22.5,"axis":"x","origin":[8,16.99723,4.64048]},"faces":{"north":{"uv":[12.8,10,12,8.8],"rotation":180,"texture":"#2"},"east":{"uv":[0,0,1.2,0],"rotation":90,"texture":"#2"},"south":{"uv":[12.8,8.8,12,10],"texture":"#2"},"west":{"uv":[0,0,1.2,0],"rotation":270,"texture":"#2"},"up":{"uv":[0,0,0.8,0],"texture":"#2"},"down":{"uv":[0,0,0.8,0],"rotation":180,"texture":"#2"}}},{"from":[7.5,9.72828,-0.3706],"to":[8.5,10.72828,0.6294],"rotation":{"angle":22.5,"axis":"x","origin":[8,0.65328,-0.2706]},"faces":{"north":{"uv":[14.6,0,15.4,0.8],"rotation":180,"texture":"#2"},"east":{"uv":[14.6,0,15.4,0.8],"rotation":180,"texture":"#2"},"south":{"uv":[15.4,0.8,14.6,0],"texture":"#2"},"west":{"uv":[14.6,0,15.4,0.8],"rotation":180,"texture":"#2"},"up":{"uv":[14.6,1,15.4,1.8],"texture":"#2"},"down":{"uv":[14.6,1,15.4,1.8],"rotation":180,"texture":"#2"}}},{"from":[7.1,3,4.5],"to":[7.1,10,11.5],"rotation":{"angle":0,"axis":"y","origin":[8,0,4.5]},"faces":{"north":{"uv":[0,0,0,14],"texture":"#0"},"south":{"uv":[0,0,0,14],"texture":"#0"},"west":{"uv":[0,0,14,14],"texture":"#0"},"up":{"uv":[0,14,0,0],"texture":"#0"},"down":{"uv":[0,0,0,14],"texture":"#0"}}},{"from":[8.9,3,4.5],"to":[8.9,10,11.5],"rotation":{"angle":0,"axis":"y","origin":[8,0,4.5]},"faces":{"north":{"uv":[0,0,0,14],"texture":"#0"},"east":{"uv":[14,0,0,14],"texture":"#0"},"south":{"uv":[0,0,0,14],"texture":"#0"},"up":{"uv":[0,14,0,0],"texture":"#0"},"down":{"uv":[0,0,0,14],"texture":"#0"}}}],"gui_light":"front","display":{"thirdperson_righthand":{"rotation":[11,0,0],"translation":[0,2.25,1.75]},"thirdperson_lefthand":{"rotation":[11,0,0],"translation":[0,2.25,1.75]},"firstperson_righthand":{"rotation":[-10,0,0],"translation":[-3.75,5.25,4.75]},"firstperson_lefthand":{"rotation":[-10,0,0],"translation":[-3.75,5.25,4.75]},"ground":{"translation":[0,9.5,0]},"gui":{"rotation":[90,-135,90],"translation":[-1.25,0.75,0],"scale":[0.92773,0.92773,0.92773]},"head":{"rotation":[0,90,0],"scale":[1.5,1.5,1.5]},"fixed":{"rotation":[0,-90,0],"translation":[0,-0.25,-1.5],"scale":[2.3,2.3,2.3]}}}