{"credit":"Pologony Creation Co.,Ltd.","textures":{"2":"darkwitherset:animations/soul_animation_3","3":"darkwitherset:animations/animation_2","5":"darkwitherset:pickaxe","particle":"darkwitherset:animations/soul_animation_3"},"elements":[{"from":[7.25,-1.25,7.75],"to":[8.75,0.25,9.25],"rotation":{"angle":-45,"axis":"x","origin":[7.5,-1,8]},"faces":{"north":{"uv":[4.5,9.5,5.25,10.25],"texture":"#5"},"east":{"uv":[1.5,10,2.25,10.75],"texture":"#5"},"south":{"uv":[10,3,10.75,3.75],"texture":"#5"},"west":{"uv":[10,8,10.75,8.75],"texture":"#5"},"up":{"uv":[10.75,10.25,10,9.5],"texture":"#5"},"down":{"uv":[11.25,4.5,10.5,5.25],"texture":"#5"}}},{"from":[7.475,-3.21287,7.825],"to":[8.525,-2.16287,8.875],"rotation":{"angle":-45,"axis":"x","origin":[7.65,-3.03787,8]},"faces":{"north":{"uv":[6.5,8,7,8.5],"texture":"#5"},"east":{"uv":[9,8,9.5,8.5],"texture":"#5"},"south":{"uv":[13.5,5,14,5.5],"texture":"#5"},"west":{"uv":[13,13.5,13.5,14],"texture":"#5"},"up":{"uv":[14.5,3,14,2.5],"texture":"#5"},"down":{"uv":[4.5,14,4,14.5],"texture":"#5"}}},{"from":[7.5,0.01777,8],"to":[8.5,1.01777,9],"rotation":{"angle":-45,"axis":"x","origin":[7.5,0.01777,8]},"faces":{"north":{"uv":[14,6,14.5,6.5],"texture":"#5"},"east":{"uv":[14,7,14.5,7.5],"texture":"#5"},"south":{"uv":[7.5,14,8,14.5],"texture":"#5"},"west":{"uv":[14,8,14.5,8.5],"texture":"#5"},"up":{"uv":[9,14.5,8.5,14],"texture":"#5"},"down":{"uv":[14.5,9,14,9.5],"texture":"#5"}}},{"from":[7.25,1.18198,7.25],"to":[8.75,1.68198,8.75],"rotation":{"angle":0,"axis":"y","origin":[7.5,1.18198,7.5]},"faces":{"north":{"uv":[14.5,0,15.25,0.25],"texture":"#5"},"east":{"uv":[14.5,5,15.25,5.25],"texture":"#5"},"south":{"uv":[12.5,14.5,13.25,14.75],"texture":"#5"},"west":{"uv":[14,14.5,14.75,14.75],"texture":"#5"},"up":{"uv":[6.75,11.25,6,10.5],"texture":"#5"},"down":{"uv":[8.25,10.5,7.5,11.25],"texture":"#5"}}},{"from":[7.25,7.18198,7.25],"to":[8.75,7.68198,8.75],"rotation":{"angle":0,"axis":"y","origin":[7.5,2.18198,7.5]},"faces":{"north":{"uv":[1,15,1.75,15.25],"texture":"#5"},"east":{"uv":[15,1,15.75,1.25],"texture":"#5"},"south":{"uv":[15,2,15.75,2.25],"texture":"#5"},"west":{"uv":[2.5,15,3.25,15.25],"texture":"#5"},"up":{"uv":[5.25,11.75,4.5,11],"texture":"#5"},"down":{"uv":[11.75,6,11,6.75],"texture":"#5"}}},{"from":[7.5,1.68198,7.5],"to":[8.5,3.18198,8.5],"rotation":{"angle":0,"axis":"y","origin":[7.5,1.68198,7.5]},"faces":{"north":{"uv":[10,12.5,10.5,13.25],"texture":"#5"},"east":{"uv":[11,12.5,11.5,13.25],"texture":"#5"},"south":{"uv":[12,12.5,12.5,13.25],"texture":"#5"},"west":{"uv":[13,2.5,13.5,3.25],"texture":"#5"},"up":{"uv":[10,14.5,9.5,14],"texture":"#5"}}},{"from":[7.5,5.68198,7.5],"to":[8.5,7.18198,8.5],"rotation":{"angle":0,"axis":"y","origin":[7.5,5.68198,7.5]},"faces":{"north":{"uv":[3,13,3.5,13.75],"texture":"#5"},"east":{"uv":[13,7.5,13.5,8.25],"texture":"#5"},"south":{"uv":[13,9,13.5,9.75],"texture":"#5"},"west":{"uv":[13,10.5,13.5,11.25],"texture":"#5"},"down":{"uv":[14.5,10,14,10.5],"texture":"#5"}}},{"from":[7.625,3.18198,7.625],"to":[8.375,5.68198,8.375],"rotation":{"angle":0,"axis":"y","origin":[7.625,4.18198,7.375]},"faces":{"north":{"uv":[7.5,12,7.875,13.25],"texture":"#5"},"east":{"uv":[12,10.5,12.375,11.75],"texture":"#5"},"south":{"uv":[0,12.5,0.375,13.75],"texture":"#5"},"west":{"uv":[1,12.5,1.375,13.75],"texture":"#5"}}},{"from":[7,12.68198,7],"to":[9,14.68198,9],"rotation":{"angle":0,"axis":"y","origin":[7,12.68198,7]},"faces":{"east":{"uv":[7.5,7.5,8.5,8.5],"texture":"#5"},"west":{"uv":[8,0,9,1],"texture":"#5"},"down":{"uv":[4.5,8,3.5,9],"texture":"#5"}}},{"from":[6.875,10,6.85],"to":[9.125,13,8.35],"rotation":{"angle":-22.5,"axis":"x","origin":[-0.125,10,0.6]},"faces":{"north":{"uv":[3,3,4.125,4.5],"texture":"#5"},"east":{"uv":[6.5,0,7.25,1.5],"texture":"#5"},"south":{"uv":[4.5,0,5.625,1.5],"texture":"#5"},"west":{"uv":[2,6.5,2.75,8],"texture":"#5"},"up":{"uv":[10.125,7.25,9,6.5],"texture":"#5"},"down":{"uv":[9.125,9,8,9.75],"texture":"#5"}}},{"from":[6.75,13,8.5],"to":[9.25,15,10.5],"rotation":{"angle":-45,"axis":"x","origin":[7,12.5,8]},"faces":{"north":{"uv":[3,5,4.25,6],"texture":"#5"},"east":{"uv":[5,8,6,9],"texture":"#5"},"south":{"uv":[5,3.5,6.25,4.5],"texture":"#5"},"west":{"uv":[1.5,8.5,2.5,9.5],"texture":"#5"},"up":{"uv":[6.25,6,5,5],"texture":"#5"},"down":{"uv":[1.25,6,0,7],"texture":"#5"}}},{"from":[7.375,-4,7.85],"to":[8.625,-2.25,8.85],"rotation":{"angle":-22.5,"axis":"x","origin":[-0.625,-4,1.1]},"faces":{"north":{"uv":[11.5,7.5,12.125,8.375],"texture":"#5"},"east":{"uv":[12.5,1,13,1.875],"texture":"#5"},"south":{"uv":[11.5,9,12.125,9.875],"texture":"#5"},"west":{"uv":[4.5,12.5,5,13.375],"texture":"#5"},"up":{"uv":[14.125,2,13.5,1.5],"texture":"#5"},"down":{"uv":[14.125,4,13.5,4.5],"texture":"#5"}}},{"from":[7.5,-1.72164,5.97332],"to":[8.5,-0.47164,7.22332],"rotation":{"angle":-45,"axis":"x","origin":[8,-0.57273,6.34526]},"faces":{"north":{"uv":[2,13.5,2.5,14.125],"texture":"#5"},"east":{"uv":[12.5,6,13.125,6.625],"texture":"#5"},"west":{"uv":[8.5,12.5,9.125,13.125],"texture":"#5"},"up":{"uv":[6,14.125,5.5,13.5],"texture":"#5"},"down":{"uv":[7,13.5,6.5,14.125],"texture":"#5"}}},{"from":[7.625,-1.24603,5.49816],"to":[8.375,0.00397,7.24816],"rotation":{"angle":22.5,"axis":"x","origin":[8,-0.55853,6.06066]},"faces":{"north":{"uv":[0,14.5,0.375,15.125],"texture":"#5"},"east":{"uv":[12,4.5,12.875,5.125],"texture":"#5"},"west":{"uv":[6,12,6.875,12.625],"texture":"#5"},"up":{"uv":[13.375,12.875,13,12],"texture":"#5"},"down":{"uv":[13.875,0,13.5,0.875],"texture":"#5"}}},{"from":[7.995,-3.49603,4.99816],"to":[8.005,1.00397,6.99816],"rotation":{"angle":0,"axis":"y","origin":[8,-0.80853,6.06066]},"faces":{"east":{"uv":[1,0,0,2.25],"texture":"#5"},"west":{"uv":[0,0,1,2.25],"texture":"#5"}}},{"from":[7.375,-4,7.15],"to":[8.625,-2.25,8.15],"rotation":{"angle":22.5,"axis":"x","origin":[-0.625,-4,14.9]},"faces":{"north":{"uv":[12.125,9,11.5,9.875],"texture":"#5"},"east":{"uv":[13,1,12.5,1.875],"texture":"#5"},"south":{"uv":[12.125,7.5,11.5,8.375],"texture":"#5"},"west":{"uv":[5,12.5,4.5,13.375],"texture":"#5"},"up":{"uv":[14.125,1.5,13.5,2],"texture":"#5"},"down":{"uv":[14.125,4.5,13.5,4],"texture":"#5"}}},{"from":[7.5,-1.72164,8.77668],"to":[8.5,-0.47164,10.02668],"rotation":{"angle":45,"axis":"x","origin":[8,-0.57273,9.65474]},"faces":{"east":{"uv":[13.125,6,12.5,6.625],"texture":"#5"},"south":{"uv":[2.5,13.5,2,14.125],"texture":"#5"},"west":{"uv":[9.125,12.5,8.5,13.125],"texture":"#5"},"up":{"uv":[6,13.5,5.5,14.125],"texture":"#5"},"down":{"uv":[7,14.125,6.5,13.5],"texture":"#5"}}},{"from":[7.625,-1.24603,8.75184],"to":[8.375,0.00397,10.50184],"rotation":{"angle":-22.5,"axis":"x","origin":[8,-0.55853,9.93934]},"faces":{"east":{"uv":[12.875,4.5,12,5.125],"texture":"#5"},"south":{"uv":[0.375,14.5,0,15.125],"texture":"#5"},"west":{"uv":[6.875,12,6,12.625],"texture":"#5"},"up":{"uv":[13.375,12,13,12.875],"texture":"#5"},"down":{"uv":[13.875,0.875,13.5,0],"texture":"#5"}}},{"from":[7.995,-3.49603,9.00184],"to":[8.005,1.00397,11.00184],"rotation":{"angle":0,"axis":"y","origin":[8,-0.80853,9.93934]},"faces":{"east":{"uv":[0,0,1,2.25],"texture":"#5"},"west":{"uv":[1,0,0,2.25],"texture":"#5"}}},{"from":[7.25,7.68198,7.25],"to":[8.75,12.68198,8.75],"rotation":{"angle":45,"axis":"y","origin":[8,8.43198,8]},"faces":{"north":{"uv":[1.5,0,2.25,2.5],"texture":"#5"},"east":{"uv":[0,3,0.75,5.5],"texture":"#5"},"south":{"uv":[3,0,3.75,2.5],"texture":"#5"},"west":{"uv":[1.5,3,2.25,5.5],"texture":"#5"},"up":{"uv":[9.75,11.75,9,11],"texture":"#5"},"down":{"uv":[11.25,11,10.5,11.75],"texture":"#5"}}},{"from":[7.225,7.68198,7.225],"to":[8.775,12.68198,8.775],"rotation":{"angle":45,"axis":"y","origin":[8,10.18198,8]},"faces":{"north":{"uv":[0,0,2,6.66667],"texture":"#3"},"east":{"uv":[2.66667,0,4.66667,6.66667],"texture":"#3"},"south":{"uv":[5.33333,0,7.33333,6.66667],"texture":"#3"},"west":{"uv":[8,0,10,6.66667],"texture":"#3"}}},{"from":[7.25,14.06341,3.7762],"to":[8.75,15.56341,6.7762],"rotation":{"angle":22.5,"axis":"x","origin":[8,14.85088,3.58271]},"faces":{"east":{"uv":[3.5,6.5,5,7.25],"texture":"#5"},"west":{"uv":[5.5,6.5,7,7.25],"texture":"#5"},"up":{"uv":[7.75,5,7,3.5],"texture":"#5"},"down":{"uv":[0.75,7.5,0,9],"texture":"#5"}}},{"from":[7,13.78841,3.5262],"to":[9,15.78841,4.0262],"rotation":{"angle":22.5,"axis":"x","origin":[8,14.60088,3.58271]},"faces":{"north":{"uv":[8.5,3.5,9.5,4.5],"texture":"#5"},"east":{"uv":[14,11,14.25,12],"texture":"#5"},"south":{"uv":[9,5,10,6],"texture":"#5"},"west":{"uv":[11.5,14,11.75,15],"texture":"#5"},"up":{"uv":[15,12.75,14,12.5],"texture":"#5"},"down":{"uv":[15,13.5,14,13.75],"texture":"#5"}}},{"from":[7.25,13.94046,1.48548],"to":[8.75,15.44046,1.98548],"rotation":{"angle":-22.5,"axis":"x","origin":[8,14.71546,1.73548]},"faces":{"north":{"uv":[3,11.5,3.75,12.25],"texture":"#5"},"east":{"uv":[15,3,15.25,3.75],"texture":"#5"},"south":{"uv":[11.5,3,12.25,3.75],"texture":"#5"},"west":{"uv":[4,15,4.25,15.75],"texture":"#5"},"up":{"uv":[5.75,15.25,5,15],"texture":"#5"},"down":{"uv":[15.75,6,15,6.25],"texture":"#5"}}},{"from":[7.375,14.15934,1.65831],"to":[8.625,15.40934,4.15831],"rotation":{"angle":0,"axis":"x","origin":[8,14.60088,3.58271]},"faces":{"east":{"uv":[9.5,0,10.75,0.625],"texture":"#5"},"west":{"uv":[9.5,1.5,10.75,2.125],"texture":"#5"},"up":{"uv":[0.625,10.75,0,9.5],"texture":"#5"},"down":{"uv":[3.625,9.5,3,10.75],"texture":"#5"}}},{"from":[7.5,13.76905,-0.3052],"to":[8.5,14.76905,1.9448],"rotation":{"angle":-22.5,"axis":"x","origin":[7.9,14.39405,0.6948]},"faces":{"north":{"uv":[10.5,14,11,14.5],"texture":"#5"},"east":{"uv":[0,11.5,1.125,12],"texture":"#5"},"west":{"uv":[11.5,0,12.625,0.5],"texture":"#5"},"up":{"uv":[12,2.125,11.5,1],"texture":"#5"},"down":{"uv":[2.5,11.5,2,12.625],"texture":"#5"}}},{"from":[7.98,12.98554,2.14817],"to":[8.02,14.98554,5.39817],"rotation":{"angle":22.5,"axis":"x","origin":[7.98,11.98554,2.14817]},"faces":{"east":{"uv":[6.625,2,5,3],"texture":"#5"},"west":{"uv":[5,2,6.625,3],"texture":"#5"}}},{"from":[7.985,12.90718,1.29622],"to":[8.015,14.75718,3.29622],"rotation":{"angle":0,"axis":"x","origin":[7.985,11.75718,3.04622]},"faces":{"east":{"uv":[7.5,9,6.5,10],"texture":"#5"},"west":{"uv":[6.5,9,7.5,10],"texture":"#5"}}},{"from":[7.99,13.93948,0.30724],"to":[8.01,15.65448,2.30724],"rotation":{"angle":-22.5,"axis":"x","origin":[7.99,12.66448,4.05724]},"faces":{"east":{"uv":[8.625,2,7.5,3],"texture":"#5"},"west":{"uv":[7.5,2,8.625,3],"texture":"#5"}}},{"from":[7.995,8.72925,1.92854],"to":[8.005,10.47925,3.51354],"rotation":{"angle":45,"axis":"x","origin":[7.995,15.22925,4.92854]},"faces":{"east":{"uv":[8.5,5.5,7.5,6.625],"texture":"#5"},"west":{"uv":[7.5,5.5,8.5,6.625],"texture":"#5"}}},{"from":[6.875,10,7.65],"to":[9.125,13,9.15],"rotation":{"angle":22.5,"axis":"x","origin":[-0.125,10,15.4]},"faces":{"north":{"uv":[5.625,0,4.5,1.5],"texture":"#5"},"east":{"uv":[7.25,0,6.5,1.5],"texture":"#5"},"south":{"uv":[4.125,3,3,4.5],"texture":"#5"},"west":{"uv":[2.75,6.5,2,8],"texture":"#5"},"up":{"uv":[10.125,6.5,9,7.25],"texture":"#5"},"down":{"uv":[9.125,9.75,8,9],"texture":"#5"}}},{"from":[7.25,14.06341,9.2238],"to":[8.75,15.56341,12.2238],"rotation":{"angle":-22.5,"axis":"x","origin":[8,14.85088,12.41729]},"faces":{"east":{"uv":[5,6.5,3.5,7.25],"texture":"#5"},"west":{"uv":[7,6.5,5.5,7.25],"texture":"#5"},"up":{"uv":[7.75,3.5,7,5],"texture":"#5"},"down":{"uv":[0.75,9,0,7.5],"texture":"#5"}}},{"from":[7.375,14.15934,11.84169],"to":[8.625,15.40934,14.34169],"rotation":{"angle":0,"axis":"x","origin":[8,14.60088,12.41729]},"faces":{"east":{"uv":[10.75,0,9.5,0.625],"texture":"#5"},"west":{"uv":[10.75,1.5,9.5,2.125],"texture":"#5"},"up":{"uv":[0.625,9.5,0,10.75],"texture":"#5"},"down":{"uv":[3.625,10.75,3,9.5],"texture":"#5"}}},{"from":[7.5,13.76905,14.0552],"to":[8.5,14.76905,16.3052],"rotation":{"angle":22.5,"axis":"x","origin":[7.9,14.39405,15.3052]},"faces":{"east":{"uv":[1.125,11.5,0,12],"texture":"#5"},"south":{"uv":[11,14,10.5,14.5],"texture":"#5"},"west":{"uv":[12.625,0,11.5,0.5],"texture":"#5"},"up":{"uv":[12,1,11.5,2.125],"texture":"#5"},"down":{"uv":[2.5,12.625,2,11.5],"texture":"#5"}}},{"from":[7,13.78841,11.9738],"to":[9,15.78841,12.4738],"rotation":{"angle":-22.5,"axis":"x","origin":[8,14.60088,12.41729]},"faces":{"north":{"uv":[10,5,9,6],"texture":"#5"},"east":{"uv":[14.25,11,14,12],"texture":"#5"},"south":{"uv":[9.5,3.5,8.5,4.5],"texture":"#5"},"west":{"uv":[11.75,14,11.5,15],"texture":"#5"},"up":{"uv":[15,12.5,14,12.75],"texture":"#5"},"down":{"uv":[15,13.75,14,13.5],"texture":"#5"}}},{"from":[7.25,13.94046,14.01452],"to":[8.75,15.44046,14.51452],"rotation":{"angle":22.5,"axis":"x","origin":[8,14.71546,14.26452]},"faces":{"north":{"uv":[12.25,3,11.5,3.75],"texture":"#5"},"east":{"uv":[15.25,3,15,3.75],"texture":"#5"},"south":{"uv":[3.75,11.5,3,12.25],"texture":"#5"},"west":{"uv":[4.25,15,4,15.75],"texture":"#5"},"up":{"uv":[5.75,15,5,15.25],"texture":"#5"},"down":{"uv":[15.75,6.25,15,6],"texture":"#5"}}},{"from":[7.98,12.98554,10.60183],"to":[8.02,14.98554,13.85183],"rotation":{"angle":-22.5,"axis":"x","origin":[7.98,11.98554,13.85183]},"faces":{"east":{"uv":[5,2,6.625,3],"texture":"#5"},"west":{"uv":[6.625,2,5,3],"texture":"#5"}}},{"from":[7.985,12.90718,12.70378],"to":[8.015,14.75718,14.70378],"rotation":{"angle":0,"axis":"x","origin":[7.985,11.75718,12.95378]},"faces":{"east":{"uv":[6.5,9,7.5,10],"texture":"#5"},"west":{"uv":[7.5,9,6.5,10],"texture":"#5"}}},{"from":[7.99,13.93948,13.69276],"to":[8.01,15.65448,15.69276],"rotation":{"angle":22.5,"axis":"x","origin":[7.99,12.66448,11.94276]},"faces":{"east":{"uv":[7.5,2,8.625,3],"texture":"#5"},"west":{"uv":[8.625,2,7.5,3],"texture":"#5"}}},{"from":[7.995,8.72925,12.48646],"to":[8.005,10.47925,14.07146],"rotation":{"angle":-45,"axis":"x","origin":[7.995,15.22925,11.07146]},"faces":{"east":{"uv":[7.5,5.5,8.5,6.625],"texture":"#5"},"west":{"uv":[8.5,5.5,7.5,6.625],"texture":"#5"}}},{"from":[6.5,12.7495,-1.49965],"to":[6.53,15.7495,4.50035],"rotation":{"angle":-45,"axis":"z","origin":[8,14.249,1.50035]},"faces":{"east":{"uv":[12,0,9,6],"rotation":90,"texture":"#2"},"west":{"uv":[9,0,12,6],"rotation":270,"texture":"#2"}}},{"from":[9.47,12.7485,-1.49965],"to":[9.5,15.7485,4.50035],"rotation":{"angle":-45,"axis":"z","origin":[8,14.249,1.50035]},"faces":{"east":{"uv":[3,0,6,6],"rotation":90,"texture":"#2"},"west":{"uv":[6,0,3,6],"rotation":270,"texture":"#2"}}},{"from":[6.5,15.7195,-1.49965],"to":[9.5,15.7495,4.50035],"rotation":{"angle":-45,"axis":"z","origin":[8,14.249,1.50035]},"faces":{"up":{"uv":[0,0,3,6],"texture":"#2"},"down":{"uv":[3,0,0,6],"rotation":180,"texture":"#2"}}},{"from":[6.5,12.7485,-1.49965],"to":[9.5,12.7785,4.50035],"rotation":{"angle":-45,"axis":"z","origin":[8,14.249,1.50035]},"faces":{"up":{"uv":[9,0,6,6],"texture":"#2"},"down":{"uv":[6,0,9,6],"rotation":180,"texture":"#2"}}},{"from":[6.5,12.7495,11.49965],"to":[6.53,15.7495,17.49965],"rotation":{"angle":-45,"axis":"z","origin":[8,14.249,14.49965]},"faces":{"east":{"uv":[12,6,9,0],"rotation":90,"texture":"#2"},"west":{"uv":[9,6,12,0],"rotation":270,"texture":"#2"}}},{"from":[6.5,15.7195,11.49965],"to":[9.5,15.7495,17.49965],"rotation":{"angle":-45,"axis":"z","origin":[8,14.249,14.49965]},"faces":{"up":{"uv":[0,6,3,0],"texture":"#2"},"down":{"uv":[3,6,0,0],"rotation":180,"texture":"#2"}}},{"from":[9.47,12.7485,11.49965],"to":[9.5,15.7485,17.49965],"rotation":{"angle":-45,"axis":"z","origin":[8,14.249,14.49965]},"faces":{"east":{"uv":[3,6,6,0],"rotation":90,"texture":"#2"},"west":{"uv":[6,6,3,0],"rotation":270,"texture":"#2"}}},{"from":[6.5,12.7485,11.49965],"to":[9.5,12.7785,17.49965],"rotation":{"angle":-45,"axis":"z","origin":[8,14.249,14.49965]},"faces":{"up":{"uv":[9,6,6,0],"texture":"#2"},"down":{"uv":[6,6,9,0],"rotation":180,"texture":"#2"}}}],"gui_light":"front","display":{"thirdperson_righthand":{"translation":[0,1.5,1]},"thirdperson_lefthand":{"translation":[0,1,1]},"firstperson_righthand":{"rotation":[6.75,0,0],"translation":[2,1.75,0],"scale":[0.7,0.7,0.7]},"firstperson_lefthand":{"rotation":[6.75,0,0],"translation":[2,1.75,0],"scale":[0.7,0.7,0.7]},"ground":{"rotation":[-45,0,0],"translation":[0,3,0],"scale":[0.7,0.7,0.7]},"gui":{"rotation":[-90,45,90],"translation":[0.5,-0.5,0],"scale":[0.7,0.7,0.7]},"head":{"rotation":[0,-90,0]},"fixed":{"rotation":[0,-90,0],"translation":[0,0,-1.75],"scale":[2,2,2]}},"mcmodels":"4ebf10fe68645e475963b35a0d647cc7"}